gene_bank_breeding_id,tax_name,functional_group,ch4_percentage_8h,ch4_percentage_24h,ch4_intensity_ml_g_tddm,tddm_mg_g,ch4_intensity_decrease_percentage,benchmark_vs_control,ch4_intensity_category,tddm_category,score_ch4_intensity,score_tddm,composite_score,x,overall_rank,selected,ch4_percentage_8h_reduction_percentage,ch4_percentage_24h_reduction,top_10_percentage_of_methane_emitters
Gene bank / Breeding ID,Tax Name,"Functional 
Group",CH4% (8h),CH4% (24h),"CH4 Intensity 
[ml/g TDDM]",TDDM [mg/g],CH4 Intensity  Decrease%,Benchmark vs. Control,"CH4 Intensity 
Category","TDDM 
Category","Score
CH4 Intensity","Score
TDDM","Composite 
Score",,"Overall 
Rank",Selected,"CH4% (8h)
Reduction%","CH4% (24h)
Reduction%",Top 10% of methane emitters
CIAT-10647,Stylosanthes scabra,Herbaceous legume,15.9,18.79192154,48.30685803,67.34093523,0.3,#N/A,Medium,High,0,0,0,-99,0,0,-0.137,-0.2,Gene bank / Breeding ID
CIAT-11162,Stylosanthes scabra,Herbaceous legume,12.86666667,13.74138071,36.94343786,45.77448107,0.47,,Low,Not High,0,0,0,-99,0,0,0.08,0.122,CIAT-13651
CIAT-11194,Stylosanthes hamata,Herbaceous legume,15.16666667,18.02387196,46.11538379,59.24865579,0.33,,Medium,Not High,0,0,0,-99,0,0,-0.085,-0.151,CIAT-15160
CIAT-11833,Stylosanthes guianensis,Herbaceous legume,12.71666667,13.8317177,50.4200017,49.86070983,0.27,,Medium,Not High,0,0,0,-99,0,0,0.091,0.117,CIAT-18437
CIAT-11998,Stylosanthes guianensis,Herbaceous legume,12.78,14.57000098,50.22856478,49.7484762,0.27,,Medium,Not High,0,0,0,-99,0,0,0.086,0.07,CIAT-18707
CIAT-11999,Stylosanthes guianensis,Herbaceous legume,12.97777778,16.25165268,46.60779238,58.54567987,0.33,,Medium,Not High,0,0,0,-99,0,0,0.072,-0.038,CIAT-19032
CIAT-12318,Stylosanthes hamata,Herbaceous legume,13.98888889,16.96005211,52.26503186,56.88386164,0.24,,Medium,Not High,0,0,0,-99,0,0,0,-0.083,CIAT-20709
CIAT-1257,Stylosanthes scabra,Herbaceous legume,14.53333333,16.39871277,43.29464125,58.67446657,0.37,,Low,Not High,0,0,0,-99,0,0,-0.039,-0.047,CIAT-21603
CIAT-13268,Tadehagi triquetrum,Herbaceous legume,13.1,14.35436282,42.26789048,51.72237659,0.39,,Low,Not High,0,0,0,-99,0,0,0.063,0.083,CIAT-25704
CIAT-13301,Desmodium sequax,Herbaceous legume,13.2,14.14448117,34.7881529,52.57905626,0.5,,Low,Not High,0,0,0,-99,0,0,0.056,0.097,CIAT-3187
CIAT-13389,Desmodium sequax,Herbaceous legume,12.85714286,14.40299974,49.56558831,42.13162819,0.28,,Medium,Not High,0,0,0,-99,0,0,0.081,0.08,CIAT-32379
CIAT-13575,Desmodium incanum,Herbaceous legume,13.6,16.22765565,42.43278646,42.85033336,0.39,,Low,Not High,0,0,0,-99,0,0,0.027,-0.036,CIAT-33114
CIAT-13609,Desmodium incanum,Herbaceous legume,13.65555556,16.31007432,46.38743434,38.40313447,0.33,,Medium,Not High,0,0,0,-99,0,0,0.023,-0.042,CIAT-33729
CIAT-13651,Desmodium heterocarpon,Herbaceous legume,12.98571429,14.53389491,67.17064882,36.12205293,0.03,,High,Not High,0,0,0,-99,0,0,0.071,0.072,CIAT-33827
CIAT-13692,Desmodium velutinum,Shrub,13.57777778,15.30963118,45.77565573,48.40187974,0.34,,Medium,Not High,0,0,0,-99,0,0,0.029,0.022,CIAT-350
CIAT-15121,Centrosema macrocarpum,Climber,13.6,15.39584797,43.27789324,51.01353978,0.37,,Low,Not High,0,0,0,-99,0,0,0.027,0.017,CIAT-4028
CIAT-15150,Centrosema molle,Climber,14.625,17.36299726,45.93246131,60.23814968,0.34,,Medium,High,0,0,0,-99,0,0,-0.046,-0.109,CIAT-5512
CIAT-15154,Centrosema molle,Climber,14,16.05586855,38.16587888,61.94677938,0.45,,Low,High,0.956,1.18,3.092,3.092,37,1,-0.001,-0.025,CIAT-7131
CIAT-15160,Centrosema molle,Climber,12.63333333,14.0434111,60.49826975,42.24405669,0.13,,High,Not High,0,0,0,-99,0,0,0.097,0.103,CIAT-7894
CIAT-15401,Centrosema brasilianum,Climber,13.7,14.29085867,41.61940177,44.31351189,0.4,,Low,Not High,0,0,0,-99,0,0,0.02,0.087,CIAT-8013
CIAT-15470,Centrosema molle,Climber,13.31428571,14.39388023,50.24145575,38.98741696,0.27,,Medium,Not High,0,0,0,-99,0,0,0.048,0.081,CIAT-8156
CIAT-15474,Centrosema molle,Climber,14.02222222,14.87009771,46.85856482,45.0101317,0.32,,Medium,Not High,0,0,0,-99,0,0,-0.003,0.05,CIAT-8512
CIAT-15551,Centrosema molle,Climber,14.78888889,17.4926182,50.02881514,49.71902488,0.28,,Medium,Not High,0,0,0,-99,0,0,-0.058,-0.117,CIAT-923
CIAT-15561,Centrosema molle,Climber,13.58,16.04183987,51.75623603,49.92254524,0.25,,Medium,Not High,0,0,0,-99,0,0,0.029,-0.024,CIAT-9537
CIAT-15799,Centrosema macrocarpum,Climber,13.76666667,16.25901912,48.35160629,60.82643799,0.3,,Medium,High,0,0,0,-99,0,0,0.015,-0.038,CIAT-BH16B_1707
CIAT-15816,Centrosema acutifolium,Climber,13.38333333,15.3095804,42.51671563,61.84951203,0.39,,Low,High,0.523,1.17,2.216,2.216,50,1,0.043,0.022,CIAT-BH22_0456
CIAT-1650,Stylosanthes guianensis,Herbaceous legume,14.33333333,15.91491865,48.10579523,47.34099319,0.3,,Medium,Not High,0,0,0,-99,0,0,-0.025,-0.016,CIAT-BH22_1258
CIAT-17000,Chamaecrista rotundifolia,Herbaceous legume,12.42857143,13.81173159,54.39977553,42.26243466,0.21,,Medium,Not High,0,0,0,-99,0,0,0.111,0.118,CIAT-BH22_1267
CIAT-17009,Canavalia brasiliensis,Climber,12.76666667,14.19438157,47.68616323,48.65778627,0.31,,Medium,Not High,0,0,0,-99,0,0,0.087,0.094,CIAT-BH22_1370
CIAT-17024,Desmanthus pernambucanus,Shrub,14.16666667,16.84477229,46.29247607,40.13920631,0.33,,Medium,Not High,0,0,0,-99,0,0,-0.013,-0.076,CIAT-BH22_1706
CIAT-1706,Stylosanthes humilis,Herbaceous legume,13.91666667,14.97940542,40.19359443,63.99438661,0.42,,Low,High,0.754,1.394,2.902,2.902,41,1,0.005,0.043,CIAT-BH22_1832
CIAT-17091,Crotalaria micans,Shrub,15.16666667,17.46518626,48.8310255,66.12018277,0.29,,Medium,High,0,0,0,-99,0,0,-0.085,-0.115,CIAT-BH22_1872
CIAT-172,Stylosanthes hamata,Herbaceous legume,13.46666667,15.52263368,50.24333984,48.57096783,0.27,,Medium,Not High,0,0,0,-99,0,0,0.037,0.009,CIAT-BH22_2046
CIAT-1727,Stylosanthes humilis,Herbaceous legume,13.28333333,14.74286387,40.18029379,60.68080019,0.42,,Low,High,0.755,1.047,2.557,2.557,48,1,0.05,0.058,CIAT-BH22_2225
CIAT-17360,Alysicarpus vaginalis,Herbaceous legume,12.35,13.49511508,51.22049906,29.25359829,0.26,,Medium,Not High,0,0,0,-99,0,0,0.117,0.138,CIAT-BH22_3507
CIAT-17365,Clitoria ternatea,Climber,15.12222222,17.56359212,51.29126771,63.39266228,0.26,,Medium,High,0,0,0,-99,0,0,-0.081,-0.122,CIAT-BH22_4092
CIAT-17451,Canavalia sp.,Climber,12.8,15.6083839,37.55126549,62.06594378,0.46,,Low,High,1.017,1.192,3.226,3.226,31,1,0.085,0.003,CIAT-BH22_4169
CIAT-17768,Clitoria ternatea,Climber,12.4625,13.56591478,39.09235043,37.41595225,0.43,,Low,Not High,0,0,0,-99,0,0,0.109,0.134,CIAT-BH22_4865
CIAT-17775,Christia obcordata,Climber,15.25555556,18.42883333,55.21843108,59.08527975,0.2,,Medium,Not High,0,0,0,-99,0,0,-0.091,-0.177,CIAT-CIAT_16888
CIAT-18004,Chamaecrista rotundifolia,Herbaceous legume,12.35714286,13.5860802,49.09168023,36.10553225,0.29,,Medium,Not High,0,0,0,-99,0,0,0.116,0.132,CIAT-CIAT_26160
CIAT-18016,Sesbania emerus,Shrub,14.23333333,15.96169036,42.47110245,50.30529106,0.39,,Low,Not High,0,0,0,-99,0,0,-0.018,-0.019,CIAT-CIAT_26438
CIAT-18044,Christia sp.,Climber,15.275,18.25242849,47.46914801,58.33057617,0.31,,Medium,Not High,0,0,0,-99,0,0,-0.092,-0.166,CIAT-CIAT_679
CIAT-18288,Sesbania exasperata,Shrub,14.9,16.93850252,48.91039807,55.65877408,0.29,,Medium,Not High,0,0,0,-99,0,0,-0.066,-0.082,
CIAT-18430,Alysicarpus vaginalis,Herbaceous legume,14.31666667,16.15956288,56.48514037,46.58118443,0.18,,High,Not High,0,0,0,-99,0,0,-0.024,-0.032,
CIAT-18437,Flemingia macrophylla,Shrub,13.025,14.12274822,63.25515696,40.23978297,0.09,,High,Not High,0,0,0,-99,0,0,0.069,0.098,
CIAT-18447,Clitoria ternatea,Climber,14.51111111,16.92415425,53.01768122,55.28237032,0.23,,Medium,Not High,0,0,0,-99,0,0,-0.038,-0.081,
CIAT-18455,Christia obcordata,Climber,15.41111111,18.53525367,54.17824002,59.86128924,0.22,,Medium,Not High,0,0,0,-99,0,0,-0.102,-0.184,
CIAT-18700,Cajanus cajan,Shrub,12.6875,13.99887238,54.47579572,41.99638756,0.21,,Medium,Not High,0,0,0,-99,0,0,0.093,0.106,
CIAT-18701,Cajanus cajan,Shrub,13.3,14.78899087,40.20085138,52.58595206,0.42,,Low,Not High,0,0,0,-99,0,0,0.049,0.056,
CIAT-18707,Crotalaria pallida,Herbaceous legume,16.05555556,21.49290837,60.93822877,53.89347169,0.12,,High,Not High,0,0,0,-99,0,0,-0.148,-0.373,
CIAT-18708,Crotalaria pallida,Herbaceous legume,14.3125,15.67267398,49.60794074,51.57729443,0.28,,Medium,Not High,0,0,0,-99,0,0,-0.024,-0.001,
CIAT-18749,Arachis pintoi,Herbaceous legume,11.68888889,15.83999024,36.23158379,61.11639727,0.48,,Low,High,1.148,1.093,3.389,3.389,28,1,0.164,-0.012,
CIAT-18813,Crotalaria nitens,Herbaceous legume,13.41111111,16.44899726,38.57825013,51.22777844,0.44,,Low,Not High,0,0,0,-99,0,0,0.041,-0.05,
CIAT-18848,Alysicarpus rugosus,Herbaceous legume,14.5,16.90408217,34.19370223,57.17478092,0.51,,Low,Not High,0,0,0,-99,0,0,-0.037,-0.08,
CIAT-18850,Alysicarpus rugosus,Herbaceous legume,13.7875,15.45759494,51.55721765,49.73404386,0.25,,Medium,Not High,0,0,0,-99,0,0,0.014,0.013,
CIAT-18862,Alysicarpus rugosus,Herbaceous legume,15.2,17.29968002,44.90758167,49.61964804,0.35,,Low,Not High,0,0,0,-99,0,0,-0.087,-0.105,
CIAT-18865,Alysicarpus rugosus,Herbaceous legume,13.02222222,15.50287572,45.54508362,54.80931522,0.34,,Medium,Not High,0,0,0,-99,0,0,0.069,0.01,
CIAT-18873,Alysicarpus ferrugineus,Herbaceous legume,12.48571429,14.08665593,45.45268969,49.17732399,0.34,,Medium,Not High,0,0,0,-99,0,0,0.107,0.1,
CIAT-18931,Tephrosia linearis,Herbaceous legume,14.05555556,16.35258888,42.05291578,49.75445109,0.39,,Low,Not High,0,0,0,-99,0,0,-0.005,-0.044,
CIAT-19032,Canavalia sp.,Climber,13.875,16.02639497,65.33019065,43.83397773,0.06,,High,Not High,0,0,0,-99,0,0,0.008,-0.023,
CIAT-19038,Canavalia sp.,Climber,14.77777778,17.60100147,43.52344366,63.37333215,0.37,,Low,High,0.423,1.329,2.175,2.175,51,1,-0.057,-0.124,
CIAT-19118,Alysicarpus rugosus,Herbaceous legume,15.71111111,17.70156007,44.5012621,59.74408108,0.36,,Low,Not High,0,0,0,-99,0,0,-0.124,-0.13,
CIAT-19119,Alysicarpus rugosus,Herbaceous legume,14.18888889,16.12491815,42.54498966,59.39514318,0.38,,Low,Not High,0,0,0,-99,0,0,-0.015,-0.03,
CIAT-19127,Alysicarpus rugosus,Herbaceous legume,15.47777778,17.95673284,49.23770162,48.76392929,0.29,,Medium,Not High,0,0,0,-99,0,0,-0.107,-0.147,
CIAT-19128,Alysicarpus rugosus,Herbaceous legume,15.18888889,17.68167099,49.0114074,46.80620446,0.29,,Medium,Not High,0,0,0,-99,0,0,-0.086,-0.129,
CIAT-19129,Alysicarpus rugosus,Herbaceous legume,15.91111111,18.2772741,49.18474562,49.89865333,0.29,,Medium,Not High,0,0,0,-99,0,0,-0.138,-0.167,
CIAT-19133,Alysicarpus rugosus,Herbaceous legume,15.61111111,18.05942482,55.11822116,48.22693495,0.2,,Medium,Not High,0,0,0,-99,0,0,-0.116,-0.153,
CIAT-19137,Alysicarpus rugosus,Herbaceous legume,15.31111111,17.59155113,48.4905984,53.19525116,0.3,,Medium,Not High,0,0,0,-99,0,0,-0.095,-0.123,
CIAT-19138,Alysicarpus rugosus,Herbaceous legume,15.25555556,17.55272699,43.21309733,54.86301277,0.38,,Low,Not High,0,0,0,-99,0,0,-0.091,-0.121,
CIAT-19139,Alysicarpus ovalifolius,Herbaceous legume,14.24444444,17.19704331,39.74486426,52.41257244,0.43,,Low,Not High,0,0,0,-99,0,0,-0.019,-0.098,
CIAT-19213,Clitoria ternatea,Climber,14.98888889,16.08929282,39.13762571,63.65548908,0.43,,Low,High,0.859,1.359,3.077,3.077,39,1,-0.072,-0.028,
CIAT-19421,Uraria lagopodioides,Herbaceous legume,14.13333333,15.13180939,33.82118938,54.27384786,0.51,,Low,Not High,0,0,0,-99,0,0,-0.011,0.034,
CIAT-19566,Tephrosia noctiflora,Herbaceous legume,15.42222222,16.28143413,37.31494782,64.10902598,0.46,,Low,High,1.041,1.406,3.488,3.488,22,1,-0.103,-0.04,
CIAT-1964,Stylosanthes guianensis,Herbaceous legume,13.42222222,14.60991215,48.20477239,52.85575649,0.3,,Medium,Not High,0,0,0,-99,0,0,0.04,0.067,
CIAT-19667,Indigofera hirsuta,Herbaceous legume,13.06666667,14.31266884,32.51575614,44.80748968,0.53,,Low,Not High,0,0,0,-99,0,0,0.066,0.086,
CIAT-19673,Alysicarpus rugosus,Herbaceous legume,14.37777778,15.90310011,43.95351413,51.27319613,0.36,,Low,Not High,0,0,0,-99,0,0,-0.028,-0.016,
CIAT-19895,Aeschynomene americana,Shrub,14.14444444,15.61741869,38.27305028,67.4314958,0.45,,Low,High,0.945,1.754,3.644,3.644,19,1,-0.012,0.003,
CIAT-1992,Stylosanthes guianensis,Herbaceous legume,13.14444444,14.62726387,48.49348428,49.86885163,0.3,,Medium,Not High,0,0,0,-99,0,0,0.06,0.066,
CIAT-20093,Canavalia sp.,Climber,14.71111111,15.94316204,37.97611086,65.75289057,0.45,,Low,High,0.975,1.578,3.528,3.528,21,1,-0.052,-0.018,
CIAT-20113,Canavalia sp.,Climber,13.02222222,15.1056382,38.26140811,65.29722873,0.45,,Low,High,0.946,1.531,3.423,3.423,27,1,0.069,0.035,
CIAT-20125,Coursetia caribaea,Herbaceous legume,15.43333333,17.01067436,39.99634722,57.95687916,0.42,,Low,Not High,0,0,0,-99,0,0,-0.104,-0.086,
CIAT-20207,Aeschynomene sensitiva,Herbaceous legume,12.77777778,13.89060995,44.66377297,51.31095775,0.35,,Low,Not High,0,0,0,-99,0,0,0.086,0.113,
CIAT-20298,Canavalia sp.,Climber,13.88888889,15.34451066,39.35711835,56.3619567,0.43,,Low,Not High,0,0,0,-99,0,0,0.007,0.02,
CIAT-20303,Canavalia brasiliensis,Climber,14.74444444,16.76987866,47.22624981,60.77890779,0.32,,Medium,High,0,0,0,-99,0,0,-0.054,-0.071,
CIAT-20304,Canavalia brasiliensis,Climber,13.23333333,15.13242984,45.56224039,59.51310037,0.34,,Medium,Not High,0,0,0,-99,0,0,0.054,0.034,
CIAT-20305,Canavalia sp.,Climber,12.71111111,14.72393829,35.45708748,62.07478354,0.49,,Low,High,1.226,1.193,3.645,3.645,18,1,0.091,0.06,
CIAT-20589,Uraria lagopodioides,Herbaceous legume,14.7875,16.17475465,49.04434138,56.32994588,0.29,,Medium,Not High,0,0,0,-99,0,0,-0.058,-0.033,
CIAT-20709,Calopogonium mucunoides,Climber,12.88571429,14.23049593,66.82458407,39.79071201,0.03,,High,Not High,0,0,0,-99,0,0,0.078,0.091,
CIAT-20803,Canavalia sp.,Climber,13.8,15.97697193,42.61479537,55.69973846,0.38,,Low,Not High,0,0,0,-99,0,0,0.013,-0.02,
CIAT-20891,Cajanus cajan,Shrub,12.35555556,14.04445838,44.02149046,44.37009697,0.36,,Low,Not High,0,0,0,-99,0,0,0.116,0.103,
CIAT-21031,Christia obcordata,Climber,13.8,15.58083848,37.14230201,55.29032239,0.46,,Low,Not High,0,0,0,-99,0,0,0.013,0.005,
CIAT-21128,Crotalaria pallida,Herbaceous legume,15.13333333,17.94785406,47.36465172,53.1018494,0.32,,Medium,Not High,0,0,0,-99,0,0,-0.082,-0.146,
CIAT-21212,Canavalia sp.,Climber,13.34444444,16.1381733,40.29975602,66.29871642,0.42,,Low,High,0.743,1.635,3.121,3.121,35,1,0.046,-0.031,
CIAT-21263,Sesbania rostrata,Shrub,14.32222222,15.05852062,37.31381978,60.43454784,0.46,,Low,High,1.041,1.022,3.104,3.104,36,1,-0.024,0.038,
CIAT-21514,Desmanthus virgatus,Shrub,13.74444444,15.00991186,46.9335207,35.54192067,0.32,,Medium,Not High,0,0,0,-99,0,0,0.017,0.041,
CIAT-21565,Chamaecrista rotundifolia,Herbaceous legume,12.46666667,14.72668721,39.8640772,57.69960739,0.42,,Low,Not High,0,0,0,-99,0,0,0.108,0.06,
CIAT-21603,Lablab purpureus,Climber,14.32,16.39532263,59.47415875,60.2052768,0.14,,High,High,0,0,0,-99,0,0,-0.024,-0.047,
CIAT-21687,Desmanthus virgatus,Shrub,14.68888889,16.39421005,43.25283976,65.16739111,0.37,,Low,High,0.449,1.517,2.415,2.415,49,1,-0.05,-0.047,
CIAT-21709,Crotalaria juncea,Herbaceous legume,14.92222222,15.87900866,42.0660246,57.17226382,0.39,,Low,Not High,0,0,0,-99,0,0,-0.067,-0.014,
CIAT-22048,Aeschynomene americana,Herbaceous legume,14.8,16.22780952,56.11903725,41.33974894,0.19,,High,Not High,0,0,0,-99,0,0,-0.058,-0.036,
CIAT-22156,Arachis pintoi,Herbaceous legume,14.25,15.28836802,43.52680643,48.5530567,0.37,,Low,Not High,0,0,0,-99,0,0,-0.019,0.024,
CIAT-22286,Crotalaria micans,Shrub,14.85555556,15.96305884,43.20218015,59.53641074,0.38,,Low,Not High,0,0,0,-99,0,0,-0.062,-0.019,
CIAT-22475,Alysicarpus rugosus,Herbaceous legume,14,15.47160439,44.51490167,43.55591791,0.36,,Low,Not High,0,0,0,-99,0,0,-0.001,0.012,
CIAT-22481,Sesbania cochinchinensis,Shrub,13.88888889,14.43802268,31.76737681,51.99162839,0.54,,Low,Not High,0,0,0,-99,0,0,0.007,0.078,
CIAT-22507,Desmanthus subulatus,Shrub,14.02857143,15.28129485,42.839939,50.1022675,0.38,,Low,Not High,0,0,0,-99,0,0,-0.003,0.024,
CIAT-22510,Desmanthus bicornutus,Shrub,13.42222222,15.11988394,49.54737178,41.40171193,0.28,,Medium,Not High,0,0,0,-99,0,0,0.04,0.034,
CIAT-22520,Arachis pusilla,Herbaceous legume,13.08888889,14.9165158,40.72436646,51.32593159,0.41,,Low,Not High,0,0,0,-99,0,0,0.064,0.047,
CIAT-22570,Desmanthus bicornutus,Shrub,13.375,14.61445883,24.78588428,36.77194795,0.64,,Low,Not High,0,0,0,-99,0,0,0.043,0.067,
CIAT-22594,Desmanthus pernambucanus,Shrub,13.65555556,14.93548495,35.36290279,38.95848727,0.49,,Low,Not High,0,0,0,-99,0,0,0.023,0.046,
CIAT-22598,Lablab purpureus,Climber,13.8375,15.07584527,50.72037488,42.54738907,0.27,,Medium,Not High,0,0,0,-99,0,0,0.01,0.037,
CIAT-22754,Lablab purpureus,Climber,13.575,15.12166207,43.13534227,51.67725903,0.38,,Low,Not High,0,0,0,-99,0,0,0.029,0.034,
CIAT-22768,Lablab purpureus,Climber,13.61111111,15.22408825,45.37225983,48.04390514,0.34,,Medium,Not High,0,0,0,-99,0,0,0.027,0.028,
CIAT-22770,Lablab purpureus,Climber,13.2875,14.60645923,44.60790909,48.68779426,0.36,,Low,Not High,0,0,0,-99,0,0,0.05,0.067,
CIAT-22784,Desmanthus bicornutus,Shrub,14.13333333,15.41820001,43.40764332,48.66855707,0.37,,Low,Not High,0,0,0,-99,0,0,-0.011,0.015,
CIAT-22915,Aeschynomene villosa,Herbaceous legume,13.71111111,15.34819643,41.66992578,58.09021884,0.4,,Low,Not High,0,0,0,-99,0,0,0.019,0.02,
CIAT-23248,Desmodium velutinum,Shrub,14.62,16.32905579,53.04353938,61.57650103,0.23,,Medium,High,0,0,0,-99,0,0,-0.046,-0.043,
CIAT-23259,Desmodium gangeticum,Herbaceous legume,15.3625,16.82876283,37.41005428,51.49363807,0.46,,Low,Not High,0,0,0,-99,0,0,-0.099,-0.075,
CIAT-23271,Desmodium velutinum,Shrub,14.3,16.29820247,50.95143878,67.40661365,0.26,,Medium,High,0,0,0,-99,0,0,-0.023,-0.041,
CIAT-23279,Desmodium velutinum,Shrub,14.35555556,16.71783959,57.35734204,51.20632498,0.17,,High,Not High,0,0,0,-99,0,0,-0.027,-0.068,
CIAT-23339,Desmodium gangeticum,Herbaceous legume,15.24444444,16.86907013,35.07283081,53.80787059,0.49,,Low,Not High,0,0,0,-99,0,0,-0.09,-0.077,
CIAT-23761,Uraria picta,Herbaceous legume,12.25555556,13.6838753,33.55707164,44.13828234,0.51,,Low,Not High,0,0,0,-99,0,0,0.124,0.126,
CIAT-24360,Vigna umbellata,ClimbeR,13.98888889,15.4368267,37.11554785,52.15976448,0.46,,Low,Not High,0,0,0,-99,0,0,0,0.014,
CIAT-24466,Vigna umbellata,Climber,13.63333333,14.70778768,31.70993772,61.86948506,0.54,,Low,High,1.599,1.172,4.37,4.37,4,1,0.025,0.061,
CIAT-25113,Centrosema brasilianum,Climber,13.85,15.55644407,50.73751537,48.88767087,0.27,,Medium,Not High,0,0,0,-99,0,0,0.01,0.007,
CIAT-25522,Centrosema macrocarpum,Climber,12.93333333,14.1080228,53.305073,44.24639262,0.23,,Medium,Not High,0,0,0,-99,0,0,0.075,0.099,
CIAT-25704,Centrosema molle x acutifolium,Climber,12.8,14.10579863,90.8429576,34.6347634,-0.31,,High,Not High,0,0,0,-99,0,0,0.085,0.099,
CIAT-2613,Stylosanthes guianensis,Herbaceous legume,12.92857143,14.54113958,52.88948578,48.68946085,0.24,,Medium,Not High,0,0,0,-99,0,0,0.075,0.071,
CIAT-3001,Codariocalyx gyroides,Shrub,12.94444444,14.38288588,45.69627161,50.34650288,0.34,,Medium,Not High,0,0,0,-99,0,0,0.074,0.081,
CIAT-3187,Desmodium cajanifolium,Shrub,12.73333333,13.55197145,70.22694188,26.74953542,-0.02,,High,Not High,0,0,0,-99,0,0,0.089,0.135,
CIAT-32246,Chamaecrista nictitans,Herbaceous legume,13.47777778,15.69613572,46.26638279,42.35789231,0.33,,Medium,Not High,0,0,0,-99,0,0,0.036,-0.002,
CIAT-32365,Desmanthus virgatus,Shrub,12.9,14.72902561,37.05770871,35.60102007,0.46,,Low,Not High,0,0,0,-99,0,0,0.077,0.059,
CIAT-32373,Desmanthus pubescens,Shrub,12.34444444,14.13193635,31.70284475,42.5614198,0.54,,Low,Not High,0,0,0,-99,0,0,0.117,0.097,
CIAT-32379,Desmanthus pubescens,Shrub,12.94,15.1748309,59.75696345,44.26380353,0.14,,High,Not High,0,0,0,-99,0,0,0.075,0.031,
CIAT-32380,Desmanthus pubescens,Shrub,12.71666667,14.41354528,45.76362614,54.2189552,0.34,,Medium,Not High,0,0,0,-99,0,0,0.091,0.08,
CIAT-3240,Desmodium cinereum,Shrub,17.95555556,18.54638183,39.05811133,56.50628915,0.44,,Low,Not High,0,0,0,-99,0,0,-0.284,-0.184,
CIAT-33114,Dendrolobium sp.,Shrub,14.7,16.19018518,58.95816773,44.64009488,0.15,,High,Not High,0,0,0,-99,0,0,-0.051,-0.034,
CIAT-33249,Desmodium velutinum,Shrub,12.35,14.11067596,49.66827371,50.08528754,0.28,,Medium,Not High,0,0,0,-99,0,0,0.117,0.099,
CIAT-33255,Desmodium velutinum,Shrub,13.88333333,16.03669947,51.71124405,53.33650089,0.25,,Medium,Not High,0,0,0,-99,0,0,0.007,-0.024,
CIAT-33428,Desmodium velutinum,Shrub,13.26,15.01421642,48.74075811,56.64836807,0.3,,Medium,Not High,0,0,0,-99,0,0,0.052,0.041,
CIAT-33451,Desmodium velutinum,Shrub,13.05,14.88451762,40.47050846,59.90870687,0.41,,Low,Not High,0,0,0,-99,0,0,0.067,0.049,
CIAT-33463,Desmodium velutinum,Shrub,12.73333333,14.66752992,44.84617987,58.6962924,0.35,,Low,Not High,0,0,0,-99,0,0,0.089,0.063,
CIAT-33729,Desmodium cinereum,Shrub,12.9125,14.1258719,64.36417931,37.5261855,0.07,,High,Not High,0,0,0,-99,0,0,0.077,0.098,
CIAT-33827,Desmodium incanum,Herbaceous legume,12.75714286,13.82650756,59.58701292,38.26713272,0.14,,High,Not High,0,0,0,-99,0,0,0.088,0.117,
CIAT-350,Desmodium heterocarpon,Herbaceous legume,12.8,13.93582296,66.09894146,29.42434718,0.04,,High,Not High,0,0,0,-99,0,0,0.085,0.11,
CIAT-3522,Desmodium incanum,Herbaceous legume,15.64444444,17.47637831,39.25418385,37.71400743,0.43,,Low,Not High,0,0,0,-99,0,0,-0.119,-0.116,
CIAT-3813,Desmodium sequax,Herbaceous legume,13.23333333,14.39595531,45.50347492,44.09332318,0.34,,Medium,Not High,0,0,0,-99,0,0,0.054,0.081,
CIAT-398,Desmodium incanum,Herbaceous legume,8.857142857,11.34833759,48.72615997,37.03439407,0.3,,Medium,Not High,0,0,0,-99,0,0,0.367,0.275,
CIAT-4028,Galactia glaucescens,Herbaceous legume,13.15,14.69744312,63.98935164,37.24693719,0.07,,High,Not High,0,0,0,-99,0,0,0.06,0.061,
CIAT-4134,Macroptilium lathyroides,Climber,16.36666667,17.99157245,42.32891522,66.52322941,0.39,,Low,High,0.541,1.659,2.741,2.741,43,1,-0.17,-0.149,
CIAT-4279,Vigna umbellata,Climber,16.65555556,17.91147133,41.87144359,70.20082467,0.39,,Low,High,0.587,2.044,3.218,3.218,32,1,-0.191,-0.144,
CIAT-43477,Desmodium cinereum,Shrub,14.5875,16.02469194,53.15346698,49.97562941,0.23,,Medium,Not High,0,0,0,-99,0,0,-0.043,-0.023,
CIAT-438,Centrosema molle x acutifolium,Climber,11.2125,13.43947391,46.47013326,42.78535513,0.33,,Medium,Not High,0,0,0,-99,0,0,0.198,0.142,
CIAT-442,Centrosema molle x acutifolium,Climber,9.3,11.93876779,46.74163746,41.78598095,0.32,,Medium,Not High,0,0,0,-99,0,0,0.335,0.238,
CIAT-466,Vigna umbellata,Climber,12.4,13.7637462,50.55283115,43.6718981,0.27,,Medium,Not High,0,0,0,-99,0,0,0.113,0.121,
CIAT-5124,Centrosema molle x acutifolium,Climber,16.09652778,17.51359334,37.06004223,57.95558839,0.46,,Low,Not High,0,0,0,-99,0,0,-0.151,-0.118,
CIAT-5172,Centrosema molle,Climber,12.25,13.63063859,38.76376048,45.90504819,0.44,,Low,Not High,0,0,0,-99,0,0,0.124,0.13,
CIAT-5234,Centrosema brasilianum,Climber,14.23402778,16.24126828,37.79271259,61.58744563,0.45,,Low,High,0.993,1.142,3.128,3.128,34,1,-0.018,-0.037,
CIAT-5277,Centrosema acutifolium,Climber,12.725,13.5229917,34.37680163,33.56897857,0.5,,Low,Not High,0,0,0,-99,0,0,0.09,0.136,
CIAT-5452,Centrosema macrocarpum,Climber,11.9625,13.36800426,39.22940326,48.99828972,0.43,,Low,Not High,0,0,0,-99,0,0,0.145,0.146,
CIAT-5512,Centrosema brasilianum,Climber,13.08333333,14.2142089,58.90652469,34.33654857,0.15,,High,Not High,0,0,0,-99,0,0,0.064,0.092,
CIAT-5568,Centrosema acutifolium,Climber,12.08333333,13.46810142,41.4906511,37.40152006,0.4,,Low,Not High,0,0,0,-99,0,0,0.136,0.14,
CIAT-5657,Centrosema brasilianum,Climber,12.575,13.8185352,54.17335628,34.22825813,0.22,,Medium,Not High,0,0,0,-99,0,0,0.101,0.118,
CIAT-5713,Centrosema macrocarpum,Climber,13.02222222,14.75775979,42.48540368,55.84340535,0.39,,Low,Not High,0,0,0,-99,0,0,0.069,0.058,
CIAT-5733,Centrosema macrocarpum,Climber,13.36666667,15.06243678,44.18018541,55.16807007,0.36,,Low,Not High,0,0,0,-99,0,0,0.044,0.038,
CIAT-5735,Centrosema macrocarpum,Climber,13.66,15.56880762,48.61358187,50.3977818,0.3,,Medium,Not High,0,0,0,-99,0,0,0.023,0.006,
CIAT-5744,Centrosema macrocarpum,Climber,12.47777778,13.75653351,48.93500532,39.14423489,0.29,,Medium,Not High,0,0,0,-99,0,0,0.108,0.121,
CIAT-5749,Centrosema plumieri,Climber,13.385,15.37952719,53.35416899,46.51583688,0.23,,Medium,Not High,0,0,0,-99,0,0,0.043,0.018,
CIAT-5911,Centrosema macrocarpum,Climber,14.02222222,16.1632339,54.95595488,46.84420945,0.21,,Medium,Not High,0,0,0,-99,0,0,-0.003,-0.032,
CIAT-705,Indigofera suffruticosa,Shrub,14.25555556,17.35352037,31.83660477,74.33876299,0.54,,Low,High,1.586,2.477,5.649,5.649,1,1,-0.019,-0.108,
CIAT-707,Alysicarpus ovalifolius,Herbaceous legume,13.54444444,16.24554319,36.43692643,65.96553027,0.47,,Low,High,1.128,1.6,3.856,3.856,15,1,0.031,-0.037,
CIAT-712,Clitoria ternatea,Climber,12.56666667,14.78993967,40.72874406,62.66438244,0.41,,Low,High,0.701,1.255,2.657,2.657,46,1,0.101,0.055,
CIAT-7131,Eriosema diffusum,Herbaceous legume,13.93333333,15.93830547,62.36414859,37.48994816,0.1,,High,Not High,0,0,0,-99,0,0,0.004,-0.018,
CIAT-715,Canavalia ensiformis,Climber,13.4,14.8099846,53.77620166,44.65704915,0.22,,Medium,Not High,0,0,0,-99,0,0,0.042,0.054,
CIAT-7227,Galactia texana,Climber,12.75,14.01171253,58.43990972,32.60253643,0.16,,High,Not High,0,0,0,-99,0,0,0.088,0.105,
CIAT-7292,Chamaecrista desvauxii,Herbaceous legume,14.51111111,16.04761661,36.64236954,48.53293812,0.47,,Low,Not High,0,0,0,-99,0,0,-0.038,-0.025,
CIAT-7317,Canavalia sp.,Climber,14.86111111,16.36328667,32.96522944,69.48236382,0.52,,Low,High,1.474,1.969,4.917,4.917,2,1,-0.063,-0.045,
CIAT-7318,Canavalia sp.,Climber,13.84444444,15.45123194,46.70256686,41.4873079,0.32,,Medium,Not High,0,0,0,-99,0,0,0.01,0.013,
CIAT-7322,Canavalia sp.,Climber,15.95,17.8010923,39.24547104,74.78106968,0.43,,Low,High,0.848,2.523,4.219,4.219,8,1,-0.141,-0.137,
CIAT-7339,Indigofera lespedezioides,Herbaceous legume,15.14444444,16.9529376,32.89300673,54.06573342,0.52,,Low,Not High,0,0,0,-99,0,0,-0.083,-0.083,
CIAT-7395,Galactia striata,Climber,11.31478175,13.99458706,56.30280705,36.00041087,0.19,,High,Not High,0,0,0,-99,0,0,0.191,0.106,
CIAT-7469,Clitoria ternatea,Climber,15.82222222,17.0030616,42.9692466,66.22663304,0.38,,Low,High,0.478,1.628,2.584,2.584,47,1,-0.132,-0.086,
CIAT-749,Crotalaria juncea,Herbaceous legume,14.03333333,15.5916863,35.43436857,65.15035962,0.49,,Low,High,1.228,1.515,3.971,3.971,14,1,-0.004,0.004,
CIAT-7643,Desmanthus pernambucanus,Shrub,15.30833333,17.15264096,42.69599571,47.11528233,0.38,,Low,Not High,0,0,0,-99,0,0,-0.095,-0.095,
CIAT-7648,Canavalia brasiliensis,Climber,13.93333333,14.87918186,41.43801504,43.94885891,0.4,,Low,Not High,0,0,0,-99,0,0,0.004,0.05,
CIAT-768,Clitoria ternatea,Climber,13.48888889,15.73317916,39.07768747,64.82392255,0.44,,Low,High,0.865,1.481,3.211,3.211,33,1,0.035,-0.005,
CIAT-7703,Aeschynomene indica,Herbaceous legume,15.17777778,16.17003353,40.1140517,57.42012064,0.42,,Low,Not High,0,0,0,-99,0,0,-0.085,-0.033,
CIAT-7714,Alysicarpus glumaceus,Herbaceous legume,15.475,16.94113593,38.02776209,64.85070778,0.45,,Low,High,0.97,1.484,3.424,3.424,26,1,-0.107,-0.082,
CIAT-772,Clitoria ternatea,Climber,13.45555556,14.98567864,37.9232549,65.1012294,0.45,,Low,High,0.98,1.51,3.47,3.47,23,1,0.038,0.043,
CIAT-7746,Crotalaria paulina,Herbaceous legume,14.5875,15.53119326,44.36277828,45.11217688,0.36,,Low,Not High,0,0,0,-99,0,0,-0.043,0.008,
CIAT-7757,Clitoria ternatea,Climber,16.05208333,17.54005584,47.06289764,64.42898123,0.32,,Medium,High,0,0,0,-99,0,0,-0.148,-0.12,
CIAT-7759,Clitoria ternatea,Climber,16.15,17.19433648,48.56936395,65.16662247,0.3,,Medium,High,0,0,0,-99,0,0,-0.155,-0.098,
CIAT-7790,Crotalaria pallida,Herbaceous legume,16.33611111,19.25154343,48.16399752,61.79840914,0.3,,Medium,High,0,0,0,-99,0,0,-0.168,-0.229,
CIAT-7792,Chamaecrista rotundifolia,Herbaceous legume,14.93541667,17.12217481,41.78349178,65.7357304,0.4,,Low,High,0.596,1.576,2.768,2.768,42,1,-0.068,-0.093,
CIAT-7813,Indigofera cryptantha,Herbaceous legume,14,14.94943966,42.98477189,43.24858849,0.38,,Low,Not High,0,0,0,-99,0,0,-0.001,0.045,
CIAT-7816,Indigofera spicata,Herbaceous legume,13.71388889,16.26331175,34.28266977,65.63914949,0.5,,Low,High,1.342,1.566,4.25,4.25,6,1,0.019,-0.039,
CIAT-7831,Tephrosia rhodesica,Shrub,13.7875,14.63753388,51.90493454,42.98536787,0.25,,Medium,Not High,0,0,0,-99,0,0,0.014,0.065,
CIAT-7858,Crotalaria incana,Herbaceous legume,15.05833333,16.70322401,40.08598539,74.82455731,0.42,,Low,High,0.765,2.528,4.058,4.058,9,1,-0.077,-0.067,
CIAT-7894,Canavalia brasiliensis,Climber,14.23333333,15.26985051,61.2112481,43.94334352,0.12,,High,Not High,0,0,0,-99,0,0,-0.018,0.025,
CIAT-7972,Canavalia brasiliensis,Climber,14.17222222,16.55086921,36.6719194,68.10280279,0.47,,Low,High,1.105,1.824,4.034,4.034,11,1,-0.014,-0.057,
CIAT-798,Galactia striata,Climber,12.8375,14.4541117,47.31917107,48.94948612,0.32,,Medium,Not High,0,0,0,-99,0,0,0.082,0.077,
CIAT-7991,Indigofera suffruticosa,Herbaceous legume,13.6,14.62470611,43.15559767,52.59057484,0.38,,Low,Not High,0,0,0,-99,0,0,0.027,0.066,
CIAT-8013,Crotalaria paulina,Herbaceous legume,12.54444444,13.82502214,73.98239152,26.99257014,-0.07,,High,Not High,0,0,0,-99,0,0,0.103,0.117,
CIAT-8156,Chamaecrista rotundifolia,Herbaceous legume,13.675,14.88618091,70.97066678,32.8920286,-0.03,,High,Not High,0,0,0,-99,0,0,0.022,0.049,
CIAT-819,Indigofera suffruticosa,Shrub,14.225,16.94499362,39.39675804,60.93349666,0.43,,Low,High,0.833,1.074,2.74,2.74,44,1,-0.017,-0.082,
CIAT-8202,Chamaecrista rotundifolia,Herbaceous legume,13.9625,15.70541132,51.27329731,47.58715571,0.26,,Medium,Not High,0,0,0,-99,0,0,0.001,-0.003,
CIAT-8205,Indigofera suffruticosa,Shrub,17.22777778,18.43571086,38.08396914,63.18264692,0.45,,Low,High,0.964,1.309,3.237,3.237,30,1,-0.232,-0.177,
CIAT-822,Calopogonium mucunoides,Climber,12.93333333,14.51184509,44.52442567,54.16855161,0.36,,Low,Not High,0,0,0,-99,0,0,0.075,0.073,
CIAT-8402,Indigofera suffruticosa,Shrub,16.81888889,18.51920477,36.83540917,64.32332887,0.47,,Low,High,1.088,1.429,3.605,3.605,20,1,-0.203,-0.183,
CIAT-8408,Chamaecrista nictitans,Herbaceous legume,15.39722222,18.63948881,51.45658896,48.14235023,0.26,,Medium,Not High,0,0,0,-99,0,0,-0.101,-0.19,
CIAT-8409,Chamaecrista nictitans,Herbaceous legume,15.54555556,18.95958119,45.40827622,51.14513493,0.34,,Medium,Not High,0,0,0,-99,0,0,-0.112,-0.211,
CIAT-8512,Calopogonium caeruleum,Climber,13.05,14.14472117,68.03125399,37.2941724,0.02,,High,Not High,0,0,0,-99,0,0,0.067,0.097,
CIAT-852,Dioclea sericea,Climber,12.625,14.06177283,47.75477299,46.55186377,0.31,,Medium,Not High,0,0,0,-99,0,0,0.097,0.102,
CIAT-8702,Calopogonium caeruleum,Climber,13.38571429,15.00368541,55.22922007,45.28150402,0.2,,Medium,Not High,0,0,0,-99,0,0,0.043,0.042,
CIAT-8719,Canavalia sp.,Climber,14.66388889,16.92290927,35.82828163,69.01484696,0.48,,Low,High,1.189,1.92,4.298,4.298,5,1,-0.049,-0.081,
CIAT-8797,Desmanthus virgatus,Shrub,13.60555556,15.90633759,39.30177088,49.25748774,0.43,,Low,Not High,0,0,0,-99,0,0,0.027,-0.016,
CIAT-8816,Crotalaria micans,Herbaceous legume,13.32222222,14.68445207,47.10012958,46.7021594,0.32,,Medium,Not High,0,0,0,-99,0,0,0.047,0.062,
CIAT-8819,Coursetia caribaea,Herbaceous legume,16.56777778,18.43514176,40.70647497,65.13841256,0.41,,Low,High,0.703,1.514,2.92,2.92,40,1,-0.185,-0.177,
CIAT-887,Calopogonium mucunoides,Climber,12.825,14.01458092,47.23500694,46.8764695,0.32,,Medium,Not High,0,0,0,-99,0,0,0.083,0.105,
CIAT-905,Canavalia brasiliensis,Climber,12.07777778,15.39794365,40.88064539,63.41720623,0.41,,Low,High,0.686,1.334,2.706,2.706,45,1,0.136,0.017,
CIAT-907,Dioclea virgata,Climber,13.17777778,14.78603126,45.97682481,52.30124557,0.34,,Medium,Not High,0,0,0,-99,0,0,0.058,0.056,
CIAT-913,Cajanus cajan,Shrub,13.53333333,16.14330515,32.8325974,60.86471966,0.53,,Low,High,1.487,1.067,4.041,4.041,10,1,0.032,-0.031,
CIAT-9170,Indigofera lespedezioides,Herbaceous legume,15.11666667,16.69472255,38.19553322,42.54084717,0.45,,Low,Not High,0,0,0,-99,0,0,-0.081,-0.066,
CIAT-9189,Indigofera suffruticosa,Herbaceous legume,14.5,16.19205144,56.32020868,47.16428563,0.19,,High,Not High,0,0,0,-99,0,0,-0.037,-0.034,
CIAT-923,Galactia latisiliqua,Climber,13.075,14.00956259,60.23094275,28.41151467,0.13,,High,Not High,0,0,0,-99,0,0,0.065,0.105,
CIAT-9254,Crotalaria pallida,Herbaceous legume,18.25,20.75754558,52.28725409,59.57930489,0.24,,Medium,Not High,0,0,0,-99,0,0,-0.305,-0.326,
CIAT-9283,Crotalaria pallida,Herbaceous legume,18.13333333,20.82296494,50.82738418,60.12428941,0.27,,Medium,High,0,0,0,-99,0,0,-0.297,-0.33,
CIAT-9288,Indigofera suffruticosa,Shrub,19.38333333,22.65560954,49.11286706,68.01798625,0.29,,Medium,High,0,0,0,-99,0,0,-0.386,-0.447,
CIAT-9323,Crotalaria vitellina,Herbaceous legume,13.17142857,14.46913523,48.63543506,48.33484828,0.3,,Medium,Not High,0,0,0,-99,0,0,0.058,0.076,
CIAT-9336,Clitoria ternatea,Climber,18.63333333,20.19289758,50.58015917,69.14500974,0.27,,Medium,High,0,0,0,-99,0,0,-0.333,-0.29,
CIAT-9349,Mucuna pruriens,Climber,17.35,18.52022148,43.23141221,56.47175531,0.38,,Low,Not High,0,0,0,-99,0,0,-0.241,-0.183,
CIAT-9356,Tephrosia noctiflora,Herbaceous legume,18.7,20.48123332,49.48299954,53.76858584,0.28,,Medium,Not High,0,0,0,-99,0,0,-0.337,-0.308,
CIAT-9432,Clitoria ternatea,Climber,17.36,18.90480266,57.23559994,50.86955404,0.17,,High,Not High,0,0,0,-99,0,0,-0.241,-0.207,
CIAT-9433,Clitoria ternatea,Climber,17.95,19.36220051,46.43060189,61.81659761,0.33,,Medium,High,0,0,0,-99,0,0,-0.284,-0.237,
CIAT-9434,Clitoria ternatea,Climber,14.36666667,15.85424307,46.5095975,51.78237038,0.33,,Medium,Not High,0,0,0,-99,0,0,-0.027,-0.012,
CIAT-9435,Desmanthus pubescens,Shrub,16.03333333,18.91088125,44.68897753,43.25556652,0.35,,Low,Not High,0,0,0,-99,0,0,-0.147,-0.208,
CIAT-9530,Crotalaria maypurensis,Herbaceous legume,17.01666667,19.20635037,51.12426414,68.20211518,0.26,,Medium,High,0,0,0,-99,0,0,-0.217,-0.227,
CIAT-9537,Crotalaria sagittalis,Herbaceous legume,13.65,15.84376108,61.08167194,31.68683759,0.12,,High,Not High,0,0,0,-99,0,0,0.024,-0.012,
CIAT-955,Clitoria ternatea,Climber,12.82222222,14.54174742,45.4542608,59.6485888,0.34,,Medium,Not High,0,0,0,-99,0,0,0.083,0.071,
CIAT-9562,Eriosema diffusum,Herbaceous legume,16.84,18.08730867,45.1294384,28.53385037,0.35,,Medium,Not High,0,0,0,-99,0,0,-0.204,-0.155,
CIAT-9690,Aeschynomene histrix,Herbaceous legume,13.28333333,14.5860864,48.22524491,52.97040787,0.3,,Medium,Not High,0,0,0,-99,0,0,0.05,0.068,
CIAT-989,Indigofera hirsuta,Herbaceous legume,14.91666667,15.99487279,29.71202034,50.4755836,0.57,,Low,Not High,0,0,0,-99,0,0,-0.067,-0.021,
CIAT-9900,Pueraria phaseoloides,Climber,13.71666667,14.95767063,49.78747516,55.77349618,0.28,,Medium,Not High,0,0,0,-99,0,0,0.019,0.045,
CIAT-9982,Crotalaria incana,Herbaceous legume,17.05,18.99978192,47.26025984,72.63736918,0.32,,Medium,High,0,0,0,-99,0,0,-0.219,-0.213,
CIAT-BH08_1149,Brachiaria humidicola,Grass,16.53333333,18.5981859,55.71627267,58.06992167,0.19,,High,Not High,0,0,0,-99,0,0,-0.182,-0.188,
CIAT-BH16B_0733,Brachiaria humidicola,Grass,16.64444444,18.63397841,54.41194986,58.61707648,0.21,,Medium,Not High,0,0,0,-99,0,0,-0.19,-0.19,
CIAT-BH16B_0741,Brachiaria humidicola,Grass,16.26666667,18.49899629,54.44116853,58.18267308,0.21,,Medium,Not High,0,0,0,-99,0,0,-0.163,-0.181,
CIAT-BH16B_1194,Brachiaria humidicola,Grass,16.06666667,18.07229238,54.38707133,57.93000077,0.21,,Medium,Not High,0,0,0,-99,0,0,-0.149,-0.154,
CIAT-BH16B_1618,Brachiaria humidicola,Grass,16.28888889,17.48367649,52.17842383,56.34690149,0.25,,Medium,Not High,0,0,0,-99,0,0,-0.165,-0.117,
CIAT-BH16B_1707,Brachiaria humidicola,Grass,15.9,18.00404635,59.51626446,55.72820542,0.14,,High,Not High,0,0,0,-99,0,0,-0.137,-0.15,
CIAT-BH16B_2165,Urochloa humidicola,Grass,13.98888889,15.54903804,39.15382911,55.17289595,0.43,,Low,Not High,0,0,0,-99,0,0,0,0.007,
CIAT-BH16B_2167,Urochloa humidicola,Grass,13.7125,15.25226146,40.89717958,48.15224217,0.41,,Low,Not High,0,0,0,-99,0,0,0.019,0.026,
CIAT-BH16_0550,Brachiaria humidicola,Grass,15.87777778,18.07345417,57.31433634,56.78334988,0.17,,High,Not High,0,0,0,-99,0,0,-0.135,-0.154,
CIAT-BH16_0562,Brachiaria humidicola,Grass,16.225,18.18753445,58.25749703,56.47482607,0.16,,High,Not High,0,0,0,-99,0,0,-0.16,-0.162,
CIAT-BH16_1763,Urochloa humidicola,Grass,14.1,15.43944213,38.74068246,55.57656457,0.44,,Low,Not High,0,0,0,-99,0,0,-0.008,0.014,
CIAT-BH16_3249,Brachiaria humidicola,Grass,16.27777778,18.22606781,54.88118786,58.21011912,0.21,,Medium,Not High,0,0,0,-99,0,0,-0.164,-0.164,
CIAT-BH22_0071,Urochloa humidicola,Grass,13.2,14.54637746,49.04048929,37.45650923,0.29,,Medium,Not High,0,0,0,-99,0,0,0.056,0.071,
CIAT-BH22_0132,Urochloa humidicola,Grass,14.7625,16.1575486,53.94522769,51.02685895,0.22,,Medium,Not High,0,0,0,-99,0,0,-0.056,-0.032,
CIAT-BH22_0456,Urochloa humidicola,Grass,12.72222222,14.1369111,61.82357752,33.26528863,0.11,,High,Not High,0,0,0,-99,0,0,0.09,0.097,
CIAT-BH22_1258,Urochloa humidicola,Grass,14.33333333,15.80024542,61.34236585,54.66239262,0.11,,High,Not High,0,0,0,-99,0,0,-0.025,-0.009,
CIAT-BH22_1267,Urochloa humidicola,Grass,13.64,15.38351526,71.4600433,29.2290841,-0.03,,High,Not High,0,0,0,-99,0,0,0.025,0.018,
CIAT-BH22_1303,Urochloa humidicola,Grass,14,15.59058186,44.01892,40.12741923,0.36,,Low,Not High,0,0,0,-99,0,0,-0.001,0.004,
CIAT-BH22_1370,Urochloa humidicola,Grass,14.65,15.82534603,74.2062803,47.27657957,-0.07,,High,Not High,0,0,0,-99,0,0,-0.048,-0.011,
CIAT-BH22_1375,Urochloa humidicola,Grass,14.53333333,15.89079502,57.3046479,53.51674299,0.17,,High,Not High,0,0,0,-99,0,0,-0.039,-0.015,
CIAT-BH22_1706,Urochloa humidicola,Grass,13.95714286,15.23935233,59.33842343,50.95037132,0.14,,High,Not High,0,0,0,-99,0,0,0.002,0.027,
CIAT-BH22_1832,Urochloa humidicola,Grass,13.04,14.11534686,88.5725063,26.19711151,-0.28,,High,Not High,0,0,0,-99,0,0,0.067,0.099,
CIAT-BH22_1872,Urochloa humidicola,Grass,12.96666667,14.10541699,64.56952557,30.32790218,0.07,,High,Not High,0,0,0,-99,0,0,0.073,0.099,
CIAT-BH22_2046,Urochloa humidicola,Grass,15.55714286,16.45715898,101.5880027,19.16584467,-0.47,,High,Not High,0,0,0,-99,0,0,-0.113,-0.051,
CIAT-BH22_2074,Urochloa humidicola,Grass,12.8,14.11223096,51.05014551,38.06719253,0.26,,Medium,Not High,0,0,0,-99,0,0,0.085,0.099,
CIAT-BH22_2189,Urochloa humidicola,Grass,14.3,15.80185862,50.69621306,51.38446612,0.27,,Medium,Not High,0,0,0,-99,0,0,-0.023,-0.009,
CIAT-BH22_2225,Urochloa humidicola,Grass,13.33333333,14.50806962,104.3503252,36.14818599,-0.51,,High,Not High,0,0,0,-99,0,0,0.046,0.073,
CIAT-BH22_2508,Urochloa humidicola,Grass,14.02,15.14316138,55.23738445,31.70866044,0.2,,Medium,Not High,0,0,0,-99,0,0,-0.003,0.033,
CIAT-BH22_3115,Urochloa humidicola,Grass,14.35714286,15.62420112,49.10487787,51.74452341,0.29,,Medium,Not High,0,0,0,-99,0,0,-0.027,0.002,
CIAT-BH22_3507,Urochloa humidicola,Grass,14.34,15.31389597,90.93040913,45.27754218,-0.31,,High,Not High,0,0,0,-99,0,0,-0.026,0.022,
CIAT-BH22_3521,Urochloa humidicola,Grass,14.94285714,16.28368729,53.41831992,51.50300207,0.23,,Medium,Not High,0,0,0,-99,0,0,-0.069,-0.04,
CIAT-BH22_4092,Urochloa humidicola,Grass,14.475,16.09518341,75.95546641,51.83506128,-0.1,,High,Not High,0,0,0,-99,0,0,-0.035,-0.028,
CIAT-BH22_4169,Urochloa humidicola,Grass,14.22857143,15.62284588,89.52916338,44.07261059,-0.29,,High,Not High,0,0,0,-99,0,0,-0.018,0.002,
CIAT-BH22_4253,Urochloa humidicola,Grass,13.95714286,15.36644145,45.10520438,54.97226169,0.35,,Medium,Not High,0,0,0,-99,0,0,0.002,0.019,
CIAT-BH22_4454,Urochloa humidicola,Grass,12.88888889,14.1905748,45.6518782,40.17402135,0.34,,Medium,Not High,0,0,0,-99,0,0,0.078,0.094,
CIAT-BH22_4865,Urochloa humidicola,Grass,14.57777778,15.75710442,70.34303406,45.60908469,-0.02,,High,Not High,0,0,0,-99,0,0,-0.043,-0.006,
CIAT-BR02_0465,Brachiaria interespecifico,Grass,14.35555556,15.26239548,48.94739166,44.27514191,0.29,,Medium,Not High,0,0,0,-99,0,0,-0.027,0.025,
CIAT-BR02_1752,Brachiaria interespecifico,Grass,13.97777778,14.6106914,33.82558661,67.38520137,0.51,,Low,High,1.388,1.749,4.525,4.525,3,1,0,0.067,
CIAT-BR02_1794,Brachiaria interespecifico,Grass,13.78888889,14.50946411,35.76781532,63.96971335,0.48,,Low,High,1.195,1.392,3.782,3.782,16,1,0.014,0.073,
CIAT-BR04_3025,Brachiaria interespecifico,Grass,14.4,15.78136732,52.15527062,44.77099369,0.25,,Medium,Not High,0,0,0,-99,0,0,-0.03,-0.008,
CIAT-BR05_1435,Brachiaria interespecifico,Grass,14.61111111,16.20150791,48.32562992,45.93251512,0.3,,Medium,Not High,0,0,0,-99,0,0,-0.045,-0.035,
CIAT-BR06_0423,Brachiaria interespecifico,Grass,14.6125,15.14085715,35.98065725,64.27344606,0.48,,Low,High,1.173,1.423,3.769,3.769,17,1,-0.045,0.033,
CIAT-BR09_1232,Brachiaria interespecifico,Grass,13.7625,14.37004035,36.04397144,66.64386119,0.48,,Low,High,1.167,1.672,4.006,4.006,12,1,0.016,0.082,
CIAT-BR09_3660,Brachiaria interespecifico,Grass,14.92222222,16.42253229,53.58402717,38.27779526,0.23,,Medium,Not High,0,0,0,-99,0,0,-0.067,-0.049,
CIAT-BR09_4777,Brachiaria interespecifico,Grass,13.44444444,14.82656368,43.33060992,55.50804333,0.37,,Low,Not High,0,0,0,-99,0,0,0.039,0.053,
CIAT-BR12_0255,Brachiaria interespecifico,Grass,11.23333333,13.08918257,45.13055888,50.33091247,0.35,,Medium,Not High,0,0,0,-99,0,0,0.197,0.164,
CIAT-BR12_0461,Brachiaria interespecifico,Grass,11.71666667,13.5193047,46.40251686,47.67603482,0.33,,Medium,Not High,0,0,0,-99,0,0,0.162,0.137,
CIAT-BR12_1362,Brachiaria interespecifico,Grass,13.675,14.81286717,45.89577736,44.29831152,0.34,,Medium,Not High,0,0,0,-99,0,0,0.022,0.054,
CIAT-BR12_1620,Brachiaria interespecifico,Grass,13.56666667,14.850138,53.6815281,47.35279919,0.22,,Medium,Not High,0,0,0,-99,0,0,0.03,0.052,
CIAT-BR12_1889,Brachiaria interespecifico,Grass,13.42222222,14.67646926,46.01431242,51.55761317,0.33,,Medium,Not High,0,0,0,-99,0,0,0.04,0.063,
CIAT-BR12_2462,Brachiaria interespecifico,Grass,13.8875,14.62420432,53.10612308,34.30809934,0.23,,Medium,Not High,0,0,0,-99,0,0,0.007,0.066,
CIAT-BR12_3868,Brachiaria interespecifico,Grass,13.44285714,14.6603915,45.78641982,50.21320663,0.34,,Medium,Not High,0,0,0,-99,0,0,0.039,0.064,
CIAT-BR12_4039,Brachiaria interespecifico,Grass,13.42222222,14.70795477,43.64486433,53.48733839,0.37,,Low,Not High,0,0,0,-99,0,0,0.04,0.061,
CIAT-BR12_4400,Brachiaria interespecifico,Grass,13.67777778,15.54328161,44.01815237,45.14938604,0.36,,Low,Not High,0,0,0,-99,0,0,0.022,0.007,
CIAT-BR12_4856,Brachiaria interespecifico,Grass,13.86666667,14.89970764,40.99638861,54.54404312,0.41,,Low,Not High,0,0,0,-99,0,0,0.008,0.048,
CIAT-BR12_4951,Brachiaria interespecifico,Grass,14.34444444,15.02145326,35.75599615,65.93328643,0.48,,Low,High,1.196,1.597,3.989,3.989,13,1,-0.026,0.041,
CIAT-BR12_5049,Brachiaria interespecifico,Grass,12.38888889,14.09256253,50.73006222,45.49695556,0.27,,Medium,Not High,0,0,0,-99,0,0,0.114,0.1,
CIAT-BR15_0722,Brachiaria interespecifico,Grass,14.27777778,14.73888445,36.15030967,60.89206522,0.48,,Low,High,1.157,1.069,3.383,3.383,29,1,-0.021,0.059,
CIAT-BR15_1851,Brachiaria interespecifico,Grass,12.3,13.89658861,36.649838,54.2089875,0.47,,Low,Not High,0,0,0,-99,0,0,0.12,0.113,
CIAT-BR15_2558,Brachiaria interespecifico,Grass,13.62857143,14.66062028,44.56775422,48.0125703,0.36,,Low,Not High,0,0,0,-99,0,0,0.025,0.064,
CIAT-BR15_2811,Brachiaria interespecifico,Grass,12.31111111,13.80183196,50.69496518,41.03555343,0.27,,Medium,Not High,0,0,0,-99,0,0,0.12,0.119,
CIAT-BR15_2891,Brachiaria interespecifico,Grass,11.675,12.86289766,52.42655444,31.55431911,0.24,,Medium,Not High,0,0,0,-99,0,0,0.165,0.179,
CIAT-BR15_3025,Brachiaria interespecifico,Grass,12.97777778,14.12305297,55.11452169,41.23121689,0.2,,Medium,Not High,0,0,0,-99,0,0,0.072,0.098,
CIAT-BR15_3248,Brachiaria interespecifico,Grass,12.22222222,13.72286074,44.53543389,51.99822469,0.36,,Low,Not High,0,0,0,-99,0,0,0.126,0.124,
CIAT-BR15_3434,Brachiaria interespecifico,Grass,13.51111111,15.15253923,48.0409988,37.06566377,0.31,,Medium,Not High,0,0,0,-99,0,0,0.034,0.032,
CIAT-BR15_3811,Brachiaria interespecifico,Grass,13.4,15.26981147,48.14318207,35.08236202,0.3,,Medium,Not High,0,0,0,-99,0,0,0.042,0.025,
CIAT-BR15_6487,Brachiaria interespecifico,Grass,14.0125,14.4116088,36.05625758,61.15198613,0.48,,Low,High,1.166,1.097,3.429,3.429,25,1,-0.002,0.08,
CIAT-BR15_6547,Brachiaria interespecifico,Grass,13.65555556,15.66584952,47.59104903,42.10614627,0.31,,Medium,Not High,0,0,0,-99,0,0,0.023,0,
CIAT-BR15_7121,Brachiaria interespecifico,Grass,13.15555556,15.13610296,47.7021114,41.75127444,0.31,,Medium,Not High,0,0,0,-99,0,0,0.059,0.033,
CIAT-BR15_7659,Brachiaria interespecifico,Grass,12.54444444,13.94059493,46.087061,47.66210037,0.33,,Medium,Not High,0,0,0,-99,0,0,0.103,0.11,
CIAT-BR15_8887,Brachiaria interespecifico,Grass,13.5,15.12559871,49.43558586,40.11767208,0.29,,Medium,Not High,0,0,0,-99,0,0,0.035,0.034,
CIAT-BR15_8919,Brachiaria interespecifico,Grass,14.23333333,15.34689769,57.37601854,45.51798227,0.17,,High,Not High,0,0,0,-99,0,0,-0.018,0.02,
CIAT-BR19_0029,Brachiaria interespecifico,Grass,13.9375,14.86628465,38.2326484,61.99580318,0.45,,Low,High,0.949,1.185,3.083,3.083,38,1,0.003,0.051,
CIAT-BR19_0423,Brachiaria interespecifico,Grass,13.93333333,14.41387097,37.15749971,63.48291436,0.46,,Low,High,1.056,1.341,3.453,3.453,24,1,0.004,0.079,
CIAT-BR19_1264,Brachiaria interespecifico,Grass,14.03333333,15.42981765,44.91457481,41.22843626,0.35,,Low,Not High,0,0,0,-99,0,0,-0.004,0.015,
CIAT-BR19_1343,Brachiaria interespecifico,Grass,12.65555556,14.46613105,52.49810638,43.49449813,0.24,,Medium,Not High,0,0,0,-99,0,0,0.095,0.076,
CIAT-BR19_4678,Brachiaria interespecifico,Grass,12.45555556,14.33443459,46.52924899,37.39138354,0.33,,Medium,Not High,0,0,0,-99,0,0,0.109,0.085,
CIAT-BR19_5029,Brachiaria interespecifico,Grass,12.42222222,14.26422386,54.60283333,30.07930449,0.21,,Medium,Not High,0,0,0,-99,0,0,0.112,0.089,
CIAT-BR19_5217,Brachiaria interespecifico,Grass,14.41428571,16.13271587,46.37586353,46.83501856,0.33,,Medium,Not High,0,0,0,-99,0,0,-0.031,-0.03,
CIAT-BR19_5357,Brachiaria interespecifico,Grass,13.22222222,14.90782377,43.98013472,41.60524669,0.36,,Low,Not High,0,0,0,-99,0,0,0.054,0.048,
CIAT-BR19_5381,Brachiaria interespecifico,Grass,14.25714286,15.28193721,50.67530314,40.37937583,0.27,,Medium,Not High,0,0,0,-99,0,0,-0.02,0.024,
CIAT-BR19_5515,Brachiaria interespecifico,Grass,12.2375,13.71976225,51.21169886,45.70123659,0.26,,Medium,Not High,0,0,0,-99,0,0,0.125,0.124,
CIAT-BR19_5877,Brachiaria interespecifico,Grass,12.6,13.88363599,51.16656435,43.00312993,0.26,,Medium,Not High,0,0,0,-99,0,0,0.099,0.113,
CIAT-BR19_6136,Brachiaria interespecifico,Grass,13.44444444,14.66021982,55.77262201,44.69199557,0.19,,High,Not High,0,0,0,-99,0,0,0.039,0.064,
CIAT-CIAT_16021,Megathyrsus maximus,Grass,12.58333333,14.08761311,37.06127543,58.34501634,0.46,,Low,Not High,0,0,0,-99,0,0,0.1,0.1,
CIAT-CIAT_16025,Megathyrsus maximus,Grass,11.88333333,13.72812805,46.56439246,47.32020845,0.33,,Medium,Not High,0,0,0,-99,0,0,0.15,0.123,
CIAT-CIAT_16031,Megathyrsus maximus,Grass,12.37777778,13.5939225,42.34283091,52.03897114,0.39,,Low,Not High,0,0,0,-99,0,0,0.115,0.132,
CIAT-CIAT_16048,Megathyrsus maximus,Grass,15.2375,16.66818632,48.72049657,48.5017786,0.3,,Medium,Not High,0,0,0,-99,0,0,-0.09,-0.064,
CIAT-CIAT_16051,Megathyrsus maximus,Grass,14.93333333,16.88705555,53.86862454,45.79254473,0.22,,Medium,Not High,0,0,0,-99,0,0,-0.068,-0.078,
CIAT-CIAT_16886,Urochloa humidicola,Grass,13.9,15.36987996,39.15912414,50.29005708,0.43,,Low,Not High,0,0,0,-99,0,0,0.006,0.018,
CIAT-CIAT_16888,Brachiaria humidicola,Grass,16.98888889,18.66317973,62.3038338,54.69249659,0.1,,High,Not High,0,0,0,-99,0,0,-0.215,-0.192,
CIAT-CIAT_16891,Urochloa humidicola,Grass,13.73333333,15.29895619,41.66329172,50.47891049,0.4,,Low,Not High,0,0,0,-99,0,0,0.018,0.023,
CIAT-CIAT_26110,Brachiaria interespecifico,Grass,12.625,13.95758025,40.08419974,48.47064781,0.42,,Low,Not High,0,0,0,-99,0,0,0.097,0.109,
CIAT-CIAT_26124,Brachiaria interespecifico,Grass,14.21428571,15.51128611,42.82854173,49.14657945,0.38,,Low,Not High,0,0,0,-99,0,0,-0.017,0.009,
CIAT-CIAT_26146,Urochloa humidicola,Grass,13.81111111,15.1603643,40.68990743,51.30869366,0.41,,Low,Not High,0,0,0,-99,0,0,0.012,0.032,
CIAT-CIAT_26149,Urochloa humidicola,Grass,13.85714286,15.34868648,55.7868815,43.04065509,0.19,,High,Not High,0,0,0,-99,0,0,0.009,0.02,
CIAT-CIAT_26160,Urochloa humidicola,Grass,13.45714286,15.22066902,74.57794834,40.66888451,-0.08,,High,Not High,0,0,0,-99,0,0,0.038,0.028,
CIAT-CIAT_26415,Urochloa humidicola,Grass,13.8625,15.28141394,49.08065254,45.34251969,0.29,,Medium,Not High,0,0,0,-99,0,0,0.009,0.024,
CIAT-CIAT_26438,Urochloa humidicola,Grass,14.57777778,16.23925649,59.59987178,53.5682057,0.14,,High,Not High,0,0,0,-99,0,0,-0.043,-0.037,
CIAT-CIAT_26570,Urochloa humidicola,Grass,14.375,15.94847264,52.60817434,53.78397129,0.24,,Medium,Not High,0,0,0,-99,0,0,-0.028,-0.019,
CIAT-CIAT_26646,Brachiaria interespecifico,Grass,13.55,15.26633519,39.78898786,58.62415517,0.42,,Low,Not High,0,0,0,-99,0,0,0.031,0.025,
CIAT-CIAT_26936,Megathyrsus maximus,Grass,13.1,14.0678956,43.50903541,52.76176921,0.37,,Low,Not High,0,0,0,-99,0,0,0.063,0.102,
CIAT-CIAT_6133,Urochloa humidicola,Grass,14.44285714,15.75419404,55.41503198,47.44338332,0.2,,High,Not High,0,0,0,-99,0,0,-0.033,-0.006,
CIAT-CIAT_6297,Brachiaria interespecifico,Grass,13.35714286,15.13788113,39.05837689,53.16433385,0.44,,Low,Not High,0,0,0,-99,0,0,0.045,0.033,
CIAT-CIAT_679,Urochloa humidicola,Grass,14.35714286,15.83389196,71.99739583,43.8485474,-0.04,,High,Not High,0,0,0,-99,0,0,-0.027,-0.011,
CIAT-CIAT_6799,Megathyrsus maximus,Grass,14.92222222,16.22480105,51.97056865,42.10281223,0.25,,Medium,Not High,0,0,0,-99,0,0,-0.067,-0.036,
CIAT-CIAT_6890,Megathyrsus maximus,Grass,14.33333333,16.2074155,47.37954496,52.75161102,0.32,,Medium,Not High,0,0,0,-99,0,0,-0.025,-0.035,
CIAT-CIAT_6962,Megathyrsus maximus,Grass,14.82222222,15.86792064,40.72542185,56.51059131,0.41,,Low,Not High,0,0,0,-99,0,0,-0.06,-0.013,
CIAT-CIAT_6986,Megathyrsus maximus,Grass,12.38888889,14.1205967,43.15251079,53.88902468,0.38,,Low,Not High,0,0,0,-99,0,0,0.114,0.098,
CIAT-Mulato_II,Brachiaria interespecifico,Grass,14.21111111,14.64108542,34.27125952,65.31952458,0.5,,Low,High,1.344,1.533,4.221,4.221,7,1,-0.016,0.065,
CIAT-PM21_0047,Megathyrsus maximus,Grass,14.43333333,16.13833505,50.93165128,48.46079701,0.26,,Medium,Not High,0,0,0,-99,0,0,-0.032,-0.031,
CIAT-PM21_0052,Megathyrsus maximus,Grass,14.21111111,16.19808552,47.42745889,50.40702183,0.31,,Medium,Not High,0,0,0,-99,0,0,-0.016,-0.034,
CIAT-PM21_0053,Megathyrsus maximus,Grass,14.63333333,16.41263989,49.0358581,51.4298638,0.29,,Medium,Not High,0,0,0,-99,0,0,-0.046,-0.048,
CIAT-PM21_0055,Megathyrsus maximus,Grass,14.15555556,16.29612344,49.42973751,46.40256674,0.29,,Medium,Not High,0,0,0,-99,0,0,-0.012,-0.041,
CIAT-PM21_0059,Megathyrsus maximus,Grass,14.2,16.38522791,48.85121029,48.99762907,0.29,,Medium,Not High,0,0,0,-99,0,0,-0.016,-0.046,
CIAT-PM21_0062,Megathyrsus maximus,Grass,13.95555556,15.80183195,51.57322118,45.37566867,0.25,,Medium,Not High,0,0,0,-99,0,0,0.002,-0.009,
CIAT-PM21_0065,Megathyrsus maximus,Grass,11.62222222,13.28535861,46.10317575,49.6058127,0.33,,Medium,Not High,0,0,0,-99,0,0,0.169,0.152,
CIAT-PM21_0070,Megathyrsus maximus,Grass,12.31666667,14.1583185,42.97324185,50.42052845,0.38,,Low,Not High,0,0,0,-99,0,0,0.119,0.096,
CIAT-PM21_0072,Megathyrsus maximus,Grass,11.42222222,13.14428486,40.94850083,49.29500036,0.41,,Low,Not High,0,0,0,-99,0,0,0.183,0.161,
CIAT-PM21_0074,Megathyrsus maximus,Grass,13.61111111,14.53183288,44.57944223,54.50763307,0.36,,Low,Not High,0,0,0,-99,0,0,0.027,0.072,
CIAT-PM21_0076,Megathyrsus maximus,Grass,14.88888889,16.80720896,56.00261959,47.61255557,0.19,,High,Not High,0,0,0,-99,0,0,-0.065,-0.073,
CIAT-PM21_0078,Megathyrsus maximus,Grass,12.58888889,14.17688636,45.19566798,51.63038723,0.35,,Medium,Not High,0,0,0,-99,0,0,0.1,0.095,
CIAT-PM21_0079,Megathyrsus maximus,Grass,12.2,13.89572778,44.43421886,47.83447666,0.36,,Low,Not High,0,0,0,-99,0,0,0.128,0.113,
CIAT-PM21_0086,Megathyrsus maximus,Grass,14.82222222,16.58857554,51.772727,45.62389359,0.25,,Medium,Not High,0,0,0,-99,0,0,-0.06,-0.059,
CIAT-PM21_0185,Megathyrsus maximus,Grass,14.36666667,16.49528964,50.84087196,46.89438535,0.27,,Medium,Not High,0,0,0,-99,0,0,-0.027,-0.053,
CIAT-PM21_0215,Megathyrsus maximus,Grass,14.72777778,16.37009801,47.14830808,51.01706578,0.32,,Medium,Not High,0,0,0,-99,0,0,-0.053,-0.045,
CIAT-PM21_0631,Megathyrsus maximus,Grass,14.13333333,15.82456031,43.2526601,57.11927115,0.37,,Low,Not High,0,0,0,-99,0,0,-0.011,-0.011,
CIAT-PM21_0819,Megathyrsus maximus,Grass,12.23333333,13.82976298,43.70226169,51.3232128,0.37,,Low,Not High,0,0,0,-99,0,0,0.125,0.117,
CIAT-PM21_0876,Megathyrsus maximus,Grass,12.17777778,13.99295354,38.40762566,58.15276314,0.44,,Low,Not High,0,0,0,-99,0,0,0.129,0.106,
CIAT-PM21_0906,Megathyrsus maximus,Grass,13.73333333,15.55351241,43.94886308,48.60284433,0.36,,Low,Not High,0,0,0,-99,0,0,0.018,0.007,
CIAT-PM21_2195,Megathyrsus maximus,Grass,14.32222222,15.84597353,46.87769488,50.39207122,0.32,,Medium,Not High,0,0,0,-99,0,0,-0.024,-0.012,
CIAT-PM21_2580,Megathyrsus maximus,Grass,12.26666667,14.23156435,43.43676225,50.99532045,0.37,,Low,Not High,0,0,0,-99,0,0,0.123,0.091,
CIAT-PM21_2627,Megathyrsus maximus,Grass,14.24444444,15.966318,43.89692047,47.89813121,0.37,,Low,Not High,0,0,0,-99,0,0,-0.019,-0.02,
CIAT-PM21_3522,Megathyrsus maximus,Grass,14.06666667,15.75749611,45.98522505,51.1966911,0.34,,Medium,Not High,0,0,0,-99,0,0,-0.006,-0.006,
CIAT-PM21_3534,Megathyrsus maximus,Grass,17.14444444,18.90656063,50.37995842,59.54801018,0.27,,Medium,Not High,0,0,0,-99,0,0,-0.226,-0.207,
CIAT-PM21_3535,Megathyrsus maximus,Grass,12.12222222,13.9758313,42.16274106,52.21628439,0.39,,Low,Not High,0,0,0,-99,0,0,0.133,0.107,
CIAT-PM21_3537,Megathyrsus maximus,Grass,16.9125,19.14139322,53.10261821,61.18731635,0.23,,Medium,High,0,0,0,-99,0,0,-0.209,-0.222,
CIAT-PM21_3545,Megathyrsus maximus,Grass,16.95714286,19.04731766,50.51493373,57.5980105,0.27,,Medium,Not High,0,0,0,-99,0,0,-0.213,-0.216,
CIAT-PM21_3550,Megathyrsus maximus,Grass,14.62222222,16.61355639,50.75888998,45.10749452,0.27,,Medium,Not High,0,0,0,-99,0,0,-0.046,-0.061,
CIAT-PM21_3595,Megathyrsus maximus,Grass,14.84444444,16.26000418,50.5653913,45.28896068,0.27,,Medium,Not High,0,0,0,-99,0,0,-0.062,-0.038,
CIAT-PM21_3641,Megathyrsus maximus,Grass,12.66666667,14.18137451,42.02533667,54.90000926,0.39,,Low,Not High,0,0,0,-99,0,0,0.094,0.094,
CIAT-PM21_3662,Megathyrsus maximus,Grass,12.7125,14.28355574,42.84234261,50.29446726,0.38,,Low,Not High,0,0,0,-99,0,0,0.091,0.088,
CIAT-PM21_3670,Megathyrsus maximus,Grass,16.5,18.78181712,48.18749471,60.01700645,0.3,,Medium,High,0,0,0,-99,0,0,-0.18,-0.199,
CIAT-PM21_3684,Megathyrsus maximus,Grass,14.58888889,16.21580531,47.30890563,53.76496459,0.32,,Medium,Not High,0,0,0,-99,0,0,-0.043,-0.036,
CIAT-PM21_4449,Megathyrsus maximus,Grass,14.55555556,16.39186548,52.89148753,42.71958994,0.24,,Medium,Not High,0,0,0,-99,0,0,-0.041,-0.047,
CIAT-PM21_4852,Megathyrsus maximus,Grass,12.68571429,14.33421919,39.6039917,59.12847546,0.43,,Low,Not High,0,0,0,-99,0,0,0.093,0.085,
CIAT-PM21_4926,Megathyrsus maximus,Grass,12.6,14.41838359,47.7264535,48.21264122,0.31,,Medium,Not High,0,0,0,-99,0,0,0.099,0.079,
CIAT-PM21_6080,Megathyrsus maximus,Grass,15.07777778,16.83956325,50.45910292,45.88549124,0.27,,Medium,Not High,0,0,0,-99,0,0,-0.078,-0.075,
CIAT-PM21_6106,Megathyrsus maximus,Grass,12.23333333,14.22425572,44.91379576,50.72267735,0.35,,Low,Not High,0,0,0,-99,0,0,0.125,0.092,
CIAT-PM21_6529,Megathyrsus maximus,Grass,14.16666667,15.98969473,46.71627074,46.8123648,0.32,,Medium,Not High,0,0,0,-99,0,0,-0.013,-0.021,
CIAT-PM21_6598,Megathyrsus maximus,Grass,11.46666667,13.64697954,38.05897734,52.16713785,0.45,,Low,Not High,0,0,0,-99,0,0,0.18,0.128,
CIAT-PM21_6628,Megathyrsus maximus,Grass,17.23333333,19.24063022,51.35951404,59.73568851,0.26,,Medium,Not High,0,0,0,-99,0,0,-0.232,-0.229,
CIAT-PM21_6629,Megathyrsus maximus,Grass,11.95,13.65679506,44.45513585,49.91917667,0.36,,Low,Not High,0,0,0,-99,0,0,0.145,0.128,
CIAT-PM21_6638,Megathyrsus maximus,Grass,14.12888889,15.906073,45.83451293,49.70872953,0.34,,Medium,Not High,0,0,0,-99,0,0,-0.01,-0.016,
CIAT-PM21_6640,Megathyrsus maximus,Grass,12.55,14.09232445,48.80562066,49.13452386,0.29,,Medium,Not High,0,0,0,-99,0,0,0.102,0.1,
CIAT-PM21_6641,Megathyrsus maximus,Grass,14.03333333,15.08090653,45.04700009,51.82505218,0.35,,Medium,Not High,0,0,0,-99,0,0,-0.004,0.037,
CIAT-PM21_6647,Megathyrsus maximus,Grass,13.7,15.16616136,49.14440493,48.59448933,0.29,,Medium,Not High,0,0,0,-99,0,0,0.02,0.031,
ILRI-15551,Leucaena diversifolia,Tree,13.58888889,15.28645153,40.32785168,57.34313471,0.42,,Low,Not High,0,0,0,-99,0,0,0.028,0.024,
Sample 8,Cynodon nlemfuensis,Grass,14.69777778,16.09655123,49.67026597,44.83126355,0.28,,Medium,Not High,0,0,0,-99,0,0,-0.051,-0.028,
CIAT-17488,Leucaena leucocephala,Tree,11.2,12.9,42.03347529,46.39717584,0.39,,Low,Not High,0,0,0,-99,0,0,0.199,0.176,
