22_no,22_date,22_requisitioner,22_set_ciat,22_ciat_lab_id,22_gene_bank_breeding_program_id,22_genus,22_species,22_tax_name,22_family,22_order,22_functional_group,22_batches_ciat,22_id_lab,22_replication,22_av_dm_105,22_av_pc_percentage
No,Date,Requisitioner,Set CIAT,CIAT Lab-ID,Gene bank /Breeding program ID,Genus,Species,Tax Name,Family,Order,Functional Group,Batches  CIAT,ID LAB,Replication,Av DM 105,"Av PC, %"
1,46041,Genbank,27,F251728,CIAT-13262,Dendrolobium,triangulare,Dendrolobium triangulare,Fabaceae,Fabales,Tree,"58,59, 69",OT-010 (2025),,18.98095108,18.98095108
2,46041,Genbank,27,F251728,CIAT-13262,Dendrolobium,triangulare,Dendrolobium triangulare,Fabaceae,Fabales,Tree,"58,59, 69",OT-010 (2025),,18.98095108,
3,46041,Genbank,27,F251729,CIAT-13528,Dendrolobium,lanceolatum,Dendrolobium lanceolatum,Fabaceae,Fabales,Tree,"58,59, 69",OT-010 (2025),,16.89700161,16.89700161
4,46041,Genbank,27,F251729,CIAT-13528,Dendrolobium,lanceolatum,Dendrolobium lanceolatum,Fabaceae,Fabales,Tree,"58,59, 69",OT-010 (2025),,16.89700161,
5,46041,Genbank,27,F251730,CIAT-13529,Dendrolobium,triangulare,Dendrolobium triangulare,Fabaceae,Fabales,Tree,"58,59, 69",OT-010 (2025),,18.17097604,18.17097604
6,46041,Genbank,27,F251730,CIAT-13529,Dendrolobium,triangulare,Dendrolobium triangulare,Fabaceae,Fabales,Tree,"58,59, 69",OT-010 (2025),,18.17097604,
7,46041,Genbank,27,F251731,CIAT-13710,Dendrolobium,lanceolatum,Dendrolobium lanceolatum,Fabaceae,Fabales,Tree,"58,59, 69",OT-010 (2025),,19.13818782,19.13818782
8,46041,Genbank,27,F251731,CIAT-13710,Dendrolobium,lanceolatum,Dendrolobium lanceolatum,Fabaceae,Fabales,Tree,"58,59, 69",OT-010 (2025),,19.13818782,
9,46041,Genbank,27,F251732,CIAT-22004,Dendrolobium,triangulare,Dendrolobium triangulare,Fabaceae,Fabales,Tree,"58,59, 69",OT-010 (2025),,17.58227963,17.58227963
10,46041,Genbank,27,F251732,CIAT-22004,Dendrolobium,triangulare,Dendrolobium triangulare,Fabaceae,Fabales,Tree,"58,59, 69",OT-010 (2025),,17.58227963,
11,46041,Genbank,27,F251733,CIAT-23104,Dendrolobium,triangulare,Dendrolobium triangulare,Fabaceae,Fabales,Tree,"58,59, 69",OT-010 (2025),,19.39471605,19.39471605
12,46041,Genbank,27,F251733,CIAT-23104,Dendrolobium,triangulare,Dendrolobium triangulare,Fabaceae,Fabales,Tree,"58,59, 69",OT-010 (2025),,19.39471605,
13,46041,Genbank,27,F251734,CIAT-23106,Dendrolobium,triangulare,Dendrolobium triangulare,Fabaceae,Fabales,Tree,"58,59, 69",OT-010 (2025),,21.88530889,21.88530889
14,46041,Genbank,27,F251734,CIAT-23106,Dendrolobium,triangulare,Dendrolobium triangulare,Fabaceae,Fabales,Tree,"58,59, 69",OT-010 (2025),,21.88530889,
15,46041,Genbank,27,F251735,CIAT-23107,Dendrolobium,triangulare,Dendrolobium triangulare,Fabaceae,Fabales,Tree,"58,59, 69",OT-010 (2025),,21.24081713,21.24081713
16,46041,Genbank,27,F251735,CIAT-23107,Dendrolobium,triangulare,Dendrolobium triangulare,Fabaceae,Fabales,Tree,"58,59, 69",OT-010 (2025),,21.24081713,
17,46041,Genbank,27,F251736,CIAT-23108,Dendrolobium,triangulare,Dendrolobium triangulare,Fabaceae,Fabales,Tree,"58,59, 69",OT-010 (2025),,21.58733126,21.58733126
18,46041,Genbank,27,F251736,CIAT-23108,Dendrolobium,triangulare,Dendrolobium triangulare,Fabaceae,Fabales,Tree,"58,59, 69",OT-010 (2025),,21.58733126,
19,46041,Genbank,27,F251737,CIAT-23412,Dendrolobium,triangulare,Dendrolobium triangulare,Fabaceae,Fabales,Tree,"58,59, 69",OT-010 (2025),,21.25980993,21.14714305
20,46041,Genbank,27,F251737,CIAT-23412,Dendrolobium,triangulare,Dendrolobium triangulare,Fabaceae,Fabales,Tree,"58,59, 69",OT-010 (2025),,21.03447618,
21,46041,Genbank,27,F251738,CIAT-23413,Dendrolobium,triangulare,Dendrolobium triangulare,Fabaceae,Fabales,Tree,"58,59, 69",OT-010 (2025),,21.31752628,21.31752628
22,46041,Genbank,27,F251738,CIAT-23413,Dendrolobium,triangulare,Dendrolobium triangulare,Fabaceae,Fabales,Tree,"58,59, 69",OT-010 (2025),,21.31752628,
23,46041,Genbank,27,F251739,CIAT-23419,Dendrolobium,triangulare,Dendrolobium triangulare,Fabaceae,Fabales,Tree,"58,59, 69",OT-010 (2025),,20.19491829,20.19491829
24,46041,Genbank,27,F251739,CIAT-23419,Dendrolobium,triangulare,Dendrolobium triangulare,Fabaceae,Fabales,Tree,"58,59, 69",OT-010 (2025),,20.19491829,
25,46041,Genbank,27,F251740,CIAT-23422,Dendrolobium,triangulare,Dendrolobium triangulare,Fabaceae,Fabales,Tree,"58,59, 69",OT-010 (2025),,21.67495417,21.67495417
26,46041,Genbank,27,F251740,CIAT-23422,Dendrolobium,triangulare,Dendrolobium triangulare,Fabaceae,Fabales,Tree,"58,59, 69",OT-010 (2025),,21.67495417,
27,46041,Genbank,27,F251741,CIAT-23734,Dendrolobium,triangulare,Dendrolobium triangulare,Fabaceae,Fabales,Tree,"58,59, 69",OT-010 (2025),,21.43501368,21.43501368
28,46041,Genbank,27,F251741,CIAT-23734,Dendrolobium,triangulare,Dendrolobium triangulare,Fabaceae,Fabales,Tree,"58,59, 69",OT-010 (2025),,21.43501368,
29,46041,Genbank,27,F251742,CIAT-23932,Dendrolobium,triangulare,Dendrolobium triangulare,Fabaceae,Fabales,Tree,"58,59, 69",OT-010 (2025),,18.84082731,18.84082731
30,46041,Genbank,27,F251742,CIAT-23932,Dendrolobium,triangulare,Dendrolobium triangulare,Fabaceae,Fabales,Tree,"58,59, 69",OT-010 (2025),,18.84082731,
31,46041,Genbank,27,F251743,CIAT-23933,Dendrolobium,triangulare,Dendrolobium triangulare,Fabaceae,Fabales,Tree,"58,59, 69",OT-010 (2025),,17.58420593,17.58420593
32,46041,Genbank,27,F251743,CIAT-23933,Dendrolobium,triangulare,Dendrolobium triangulare,Fabaceae,Fabales,Tree,"58,59, 69",OT-010 (2025),,17.58420593,
33,46041,Genbank,27,F251744,CIAT-23934,Dendrolobium,triangulare,Dendrolobium triangulare,Fabaceae,Fabales,Tree,"58,59, 69",OT-010 (2025),,22.61279649,22.61279649
34,46041,Genbank,27,F251744,CIAT-23934,Dendrolobium,triangulare,Dendrolobium triangulare,Fabaceae,Fabales,Tree,"58,59, 69",OT-010 (2025),,22.61279649,
35,46041,Genbank,27,F251745,CIAT-23936,Dendrolobium,triangulare,Dendrolobium triangulare,Fabaceae,Fabales,Tree,"58,59, 69",OT-010 (2025),,19.26631303,19.26631303
36,46041,Genbank,27,F251745,CIAT-23936,Dendrolobium,triangulare,Dendrolobium triangulare,Fabaceae,Fabales,Tree,"58,59, 69",OT-010 (2025),,19.26631303,
37,46041,Genbank,27,F251746,CIAT-33119,Dendrolobium,triangulare,Dendrolobium triangulare,Fabaceae,Fabales,Tree,"58,59, 69",OT-010 (2025),,17.30043112,17.30043112
38,46041,Genbank,27,F251746,CIAT-33119,Dendrolobium,triangulare,Dendrolobium triangulare,Fabaceae,Fabales,Tree,"58,59, 69",OT-010 (2025),,17.30043112,
39,46041,Genbank,27,F251747,CIAT-33383,Dendrolobium,sp.,Dendrolobium sp.,Fabaceae,Fabales,Tree,"58,59, 69",OT-010 (2025),,14.84210098,14.66394754
40,46041,Genbank,27,F251747,CIAT-33383,Dendrolobium,sp.,Dendrolobium sp.,Fabaceae,Fabales,Tree,"58,59, 69",OT-010 (2025),,14.48579409,
41,46041,Genbank,27,F251748,CIAT-33402,Dendrolobium,triangulare,Dendrolobium triangulare,Fabaceae,Fabales,Tree,"58,59, 69",OT-010 (2025),,20.08407391,20.08407391
42,46041,Genbank,27,F251748,CIAT-33402,Dendrolobium,triangulare,Dendrolobium triangulare,Fabaceae,Fabales,Tree,"58,59, 69",OT-010 (2025),,20.08407391,
43,46041,Genbank,27,F251749,CIAT-33508,Dendrolobium,umbellatum,Dendrolobium umbellatum,Fabaceae,Fabales,Tree,"58,59, 69",OT-010 (2025),,22.60556623,22.60556623
44,46041,Genbank,27,F251749,CIAT-33508,Dendrolobium,umbellatum,Dendrolobium umbellatum,Fabaceae,Fabales,Tree,"58,59, 69",OT-010 (2025),,22.60556623,
45,46041,Genbank,27,F251750,CIAT-33515,Dendrolobium,triangulare,Dendrolobium triangulare,Fabaceae,Fabales,Tree,"58,59, 69",OT-010 (2025),,20.96312701,20.96312701
46,46041,Genbank,27,F251750,CIAT-33515,Dendrolobium,triangulare,Dendrolobium triangulare,Fabaceae,Fabales,Tree,"58,59, 69",OT-010 (2025),,20.96312701,
47,46041,Genbank,27,F251751,CIAT-7353,Prosopis,juliflora,Prosopis juliflora,Fabaceae,Fabales,Tree,"58,59, 69",OT-010 (2025),,30.48645396,30.48645396
48,46041,Genbank,27,F251751,CIAT-7353,Prosopis,juliflora,Prosopis juliflora,Fabaceae,Fabales,Tree,"58,59, 69",OT-010 (2025),,30.48645396,
49,46041,Genbank,27,F251752,CIAT-7976,Cassia,sp.,Cassia sp.,Fabaceae,Fabales,Tree,"58,59, 69",OT-010 (2025),,25.58851827,25.58851827
50,46041,Genbank,27,F251752,CIAT-7976,Cassia,sp.,Cassia sp.,Fabaceae,Fabales,Tree,"58,59, 69",OT-010 (2025),,25.58851827,
51,46041,Genbank,27,F251753,CIAT-8018,Acacia,aroma,Acacia aroma,Fabaceae,Fabales,Tree,"58,59, 69",OT-010 (2025),,23.53692406,23.53692406
52,46041,Genbank,27,F251753,CIAT-8018,Acacia,aroma,Acacia aroma,Fabaceae,Fabales,Tree,"58,59, 69",OT-010 (2025),,23.53692406,
53,46041,Genbank,27,F251754,CIAT-9990,Prosopis,juliflora,Prosopis juliflora,Fabaceae,Fabales,Tree,"58,59, 69",OT-010 (2025),,31.75200833,31.75200833
54,46041,Genbank,27,F251754,CIAT-9990,Prosopis,juliflora,Prosopis juliflora,Fabaceae,Fabales,Tree,"58,59, 69",OT-010 (2025),,31.75200833,
55,46041,Genbank,27,F251755,CIAT-13258,Dendrolobium,lanceolatum,Dendrolobium lanceolatum,Fabaceae,Fabales,Tree,"58,59, 69",OT-010 (2025),,15.55026437,15.55026437
56,46041,Genbank,27,F251755,CIAT-13258,Dendrolobium,lanceolatum,Dendrolobium lanceolatum,Fabaceae,Fabales,Tree,"58,59, 69",OT-010 (2025),,15.55026437,
57,46041,Genbank,27,F251756,CIAT-13260,Dendrolobium,lanceolatum,Dendrolobium lanceolatum,Fabaceae,Fabales,Tree,"58,59, 69",OT-010 (2025),,15.81342541,15.81342541
58,46041,Genbank,27,F251756,CIAT-13260,Dendrolobium,lanceolatum,Dendrolobium lanceolatum,Fabaceae,Fabales,Tree,"58,59, 69",OT-010 (2025),,15.81342541,
59,46041,Genbank,27,F251757,CIAT-17263,Leucaena,leucocephala,Leucaena leucocephala,Fabaceae,Fabales,Tree,"58,59, 69",OT-010 (2025),,27.42940648,27.42940648
60,46041,Genbank,27,F251757,CIAT-17263,Leucaena,leucocephala,Leucaena leucocephala,Fabaceae,Fabales,Tree,"58,59, 69",OT-010 (2025),,,
61,46041,Isabel Molina,27,F252640, Cayman Br02_1752,Urochloa,interespecifico,Urochloa interespecifico,Poaceae,Poales,grasses,"58,59, 69",OT-034 (2025),,8.04101047,8.054385693
62,46041,Isabel Molina,27,F252640, Cayman Br02_1752,Urochloa,interespecifico,Urochloa interespecifico,Poaceae,Poales,grasses,"58,59, 69",OT-034 (2025),,8.067760916,
63,46041,Mauricio Sotelo,27,F252641,N/A,Gliricidia  ,sepium,Gliricidia sepium ,Fabaceae,Fabales,Arbustiva ,"58,59, 69",OT-035 (2025),,22.32,22.375
64,46041,Mauricio Sotelo,27,F252641,N/A,Gliricidia  ,sepium,Gliricidia sepium ,Fabaceae,Fabales,Arbustiva ,"58,59, 69",OT-035 (2025),,22.43,
65,46041,Jacobo Arango/Alejandro Montoya,27,F250008,Sample 8,Cynodon, nlemfuensis ,Cynodon nlemfuensis ,Poaceae,Poales,grasses,"58,59, 69",OT-002,,,13.1
66,46041,Jacobo Arango/Alejandro Montoya,27,F250008,Sample 8,Cynodon, nlemfuensis ,Cynodon nlemfuensis ,Poaceae,Poales,grasses,"58,59, 69",OT-002,,,
67,46048,Genbank,28,F251758,CIAT-17459,Erythrina,berteroana,Erythrina berteroana,Fabaceae,Fabales,Tree,"60,61, 62",OT-010,,24.25144619,24.25144619
68,46048,Genbank,28,F251758,CIAT-17459,Erythrina,berteroana,Erythrina berteroana,Fabaceae,Fabales,Tree,"60,61, 62",OT-010,,24.25144619,
69,46048,Genbank,28,F251759,CIAT-17482,Leucaena,leucocephala,Leucaena leucocephala,Fabaceae,Fabales,Tree,"60,61, 62",OT-010,,26.54232304,26.54232304
70,46048,Genbank,28,F251759,CIAT-17482,Leucaena,leucocephala,Leucaena leucocephala,Fabaceae,Fabales,Tree,"60,61, 62",OT-010,,26.54232304,
71,46048,Genbank,28,F251760,CIAT-17502,Leucaena,leucocephala,Leucaena leucocephala,Fabaceae,Fabales,Tree,"60,61, 62",OT-010,,28.85997135,28.85997135
72,46048,Genbank,28,F251760,CIAT-17502,Leucaena,leucocephala,Leucaena leucocephala,Fabaceae,Fabales,Tree,"60,61, 62",OT-010,,28.85997135,
73,46048,Genbank,28,F251761,CIAT-19384,Prosopis,juliflora,Prosopis juliflora,Fabaceae,Fabales,Tree,"60,61, 62",OT-010,,36.9549258,36.9549258
74,46048,Genbank,28,F251761,CIAT-19384,Prosopis,juliflora,Prosopis juliflora,Fabaceae,Fabales,Tree,"60,61, 62",OT-010,,36.9549258,
75,46048,Genbank,28,F251762,CIAT-19571,Senna,cobanensis,Senna cobanensis,Fabaceae,Fabales,Tree,"60,61, 62",OT-010,,23.20097285,23.20097285
76,46048,Genbank,28,F251762,CIAT-19571,Senna,cobanensis,Senna cobanensis,Fabaceae,Fabales,Tree,"60,61, 62",OT-010,,23.20097285,
77,46048,Genbank,28,F251763,CIAT-20126,Acacia,angustissima,Acacia angustissima,Fabaceae,Fabales,Tree,"60,61, 62",OT-010,,29.90215547,29.90215547
78,46048,Genbank,28,F251763,CIAT-20126,Acacia,angustissima,Acacia angustissima,Fabaceae,Fabales,Tree,"60,61, 62",OT-010,,29.90215547,
79,46048,Genbank,28,F251764,CIAT-20788,Senna,pallida,Senna pallida,Fabaceae,Fabales,Tree,"60,61, 62",OT-010,,24.3024932,24.3024932
80,46048,Genbank,28,F251764,CIAT-20788,Senna,pallida,Senna pallida,Fabaceae,Fabales,Tree,"60,61, 62",OT-010,,24.3024932,
81,46048,Genbank,28,F251765,CIAT-21242,Leucaena,diversifolia,Leucaena diversifolia,Fabaceae,Fabales,Tree,"60,61, 62",OT-010,,23.2758353,23.2758353
82,46048,Genbank,28,F251765,CIAT-21242,Leucaena,diversifolia,Leucaena diversifolia,Fabaceae,Fabales,Tree,"60,61, 62",OT-010,,23.2758353,
83,46048,Genbank,28,F251766,CIAT-21512,Calliandra,calothyrsus,Calliandra calothyrsus,Fabaceae,Fabales,Tree,"60,61, 62",OT-010,,24.06932164,24.06932164
84,46048,Genbank,28,F251766,CIAT-21512,Calliandra,calothyrsus,Calliandra calothyrsus,Fabaceae,Fabales,Tree,"60,61, 62",OT-010,,24.06932164,
85,46048,Genbank,28,F251767,CIAT-21601,Erythrina,fusca,Erythrina fusca,Fabaceae,Fabales,Tree,"60,61, 62",OT-010,,23.75160561,23.41084859
86,46048,Genbank,28,F251767,CIAT-21601,Erythrina,fusca,Erythrina fusca,Fabaceae,Fabales,Tree,"60,61, 62",OT-010,,23.07009157,
87,46048,Genbank,28,F251768,CIAT-21809,Acacia,farnesiana,Acacia farnesiana,Fabaceae,Fabales,Tree,"60,61, 62",OT-010,,31.00065629,31.00065629
88,46048,Genbank,28,F251768,CIAT-21809,Acacia,farnesiana,Acacia farnesiana,Fabaceae,Fabales,Tree,"60,61, 62",OT-010,,31.00065629,
89,46048,Genbank,28,F251769,CIAT-21810,Acacia,angustissima,Acacia angustissima,Fabaceae,Fabales,Tree,"60,61, 62",OT-010,,31.66393985,31.66393985
90,46048,Genbank,28,F251769,CIAT-21810,Acacia,angustissima,Acacia angustissima,Fabaceae,Fabales,Tree,"60,61, 62",OT-010,,31.66393985,
91,46048,Genbank,28,F251770,CIAT-21888,Leucaena,leucocephala,Leucaena leucocephala,Fabaceae,Fabales,Tree,"60,61, 62",OT-010,,29.90458835,29.90458835
92,46048,Genbank,28,F251770,CIAT-21888,Leucaena,leucocephala,Leucaena leucocephala,Fabaceae,Fabales,Tree,"60,61, 62",OT-010,,29.90458835,
93,46048,Genbank,28,F251771,CIAT-22310,Calliandra,calothyrsus,Calliandra calothyrsus,Fabaceae,Fabales,Tree,"60,61, 62",OT-010,,21.75470624,21.75470624
94,46048,Genbank,28,F251771,CIAT-22310,Calliandra,calothyrsus,Calliandra calothyrsus,Fabaceae,Fabales,Tree,"60,61, 62",OT-010,,21.75470624,
95,46048,Genbank,28,F251772,CIAT-22311,Calliandra,calothyrsus,Calliandra calothyrsus,Fabaceae,Fabales,Tree,"60,61, 62",OT-010,,21.51362159,21.51362159
96,46048,Genbank,28,F251772,CIAT-22311,Calliandra,calothyrsus,Calliandra calothyrsus,Fabaceae,Fabales,Tree,"60,61, 62",OT-010,,21.51362159,
97,46048,Genbank,28,F251773,CIAT-22316,Calliandra,calothyrsus,Calliandra calothyrsus,Fabaceae,Fabales,Tree,"60,61, 62",OT-010,,20.81595568,20.81595568
98,46048,Genbank,28,F251773,CIAT-22316,Calliandra,calothyrsus,Calliandra calothyrsus,Fabaceae,Fabales,Tree,"60,61, 62",OT-010,,20.81595568,
99,46048,Genbank,28,F251774,CIAT-23239,Dendrolobium,triangulare,Dendrolobium triangulare,Fabaceae,Fabales,Tree,"60,61, 62",OT-010,,20.35537133,20.35537133
100,46048,Genbank,28,F251774,CIAT-23239,Dendrolobium,triangulare,Dendrolobium triangulare,Fabaceae,Fabales,Tree,"60,61, 62",OT-010,,20.35537133,
101,46048,Genbank,28,F251775,CIAT-33116,Dendrolobium,triangulare,Dendrolobium triangulare,Fabaceae,Fabales,Tree,"60,61, 62",OT-010,,18.29933939,18.29933939
102,46048,Genbank,28,F251775,CIAT-33116,Dendrolobium,triangulare,Dendrolobium triangulare,Fabaceae,Fabales,Tree,"60,61, 62",OT-010,,18.29933939,
103,46048,Genbank,28,F252184,CIAT-BH22_0303,Urochloa,humidicola,Urochloa humidicola,Poaceae,Poales,grasses,"60,61, 62",OT-021,,8.022996186,8.024372736
104,46048,Genbank,28,F252184,CIAT-BH22_0303,Urochloa,humidicola,Urochloa humidicola,Poaceae,Poales,grasses,"60,61, 62",OT-021,,8.025749287,
105,46048,Genbank,28,F252185,CIAT-BH22_1594,Urochloa,humidicola,Urochloa humidicola,Poaceae,Poales,grasses,"60,61, 62",OT-021,,8.047466056,7.956214447
106,46048,Genbank,28,F252185,CIAT-BH22_1594,Urochloa,humidicola,Urochloa humidicola,Poaceae,Poales,grasses,"60,61, 62",OT-021,,7.864962838,
107,46048,Genbank,28,F252186,CIAT-BH22_0468,Urochloa,humidicola,Urochloa humidicola,Poaceae,Poales,grasses,"60,61, 62",OT-021,,9.576828422,9.593884304
108,46048,Genbank,28,F252186,CIAT-BH22_0468,Urochloa,humidicola,Urochloa humidicola,Poaceae,Poales,grasses,"60,61, 62",OT-021,,9.610940186,
109,46048,Genbank,28,F252187,CIAT-BH22_3830,Urochloa,humidicola,Urochloa humidicola,Poaceae,Poales,grasses,"60,61, 62",OT-021,,8.108780345,8.039567546
110,46048,Genbank,28,F252187,CIAT-BH22_3830,Urochloa,humidicola,Urochloa humidicola,Poaceae,Poales,grasses,"60,61, 62",OT-021,,7.970354747,
111,46048,Genbank,28,F252188,CIAT-BH22_1710,Urochloa,humidicola,Urochloa humidicola,Poaceae,Poales,grasses,"60,61, 62",OT-021,,7.600387216,7.558349181
112,46048,Genbank,28,F252188,CIAT-BH22_1710,Urochloa,humidicola,Urochloa humidicola,Poaceae,Poales,grasses,"60,61, 62",OT-021,,7.516311147,
113,46048,Genbank,28,F252189,CIAT-BH22_2365,Urochloa,humidicola,Urochloa humidicola,Poaceae,Poales,grasses,"60,61, 62",OT-021,,10.01719507,9.983782792
114,46048,Genbank,28,F252189,CIAT-BH22_2365,Urochloa,humidicola,Urochloa humidicola,Poaceae,Poales,grasses,"60,61, 62",OT-021,,9.950370516,
115,46048,Genbank,28,F252190,CIAT-BH22_3572,Urochloa,humidicola,Urochloa humidicola,Poaceae,Poales,grasses,"60,61, 62",OT-021,,7.970471762,7.975931836
116,46048,Genbank,28,F252190,CIAT-BH22_3572,Urochloa,humidicola,Urochloa humidicola,Poaceae,Poales,grasses,"60,61, 62",OT-021,,7.98139191,
117,46048,Genbank,28,F252191,CIAT-BH22_0517,Urochloa,humidicola,Urochloa humidicola,Poaceae,Poales,grasses,"60,61, 62",OT-021,,8.167349854,8.209939033
118,46048,Genbank,28,F252191,CIAT-BH22_0517,Urochloa,humidicola,Urochloa humidicola,Poaceae,Poales,grasses,"60,61, 62",OT-021,,8.252528213,
119,46048,Genbank,28,F252192,CIAT-BH22_0519,Urochloa,humidicola,Urochloa humidicola,Poaceae,Poales,grasses,"60,61, 62",OT-021,,9.38325511,9.360586683
120,46048,Genbank,28,F252192,CIAT-BH22_0519,Urochloa,humidicola,Urochloa humidicola,Poaceae,Poales,grasses,"60,61, 62",OT-021,,9.337918256,
121,46048,Genbank,28,F252193,CIAT-BH22_0521,Urochloa,humidicola,Urochloa humidicola,Poaceae,Poales,grasses,"60,61, 62",OT-021,,9.00281067,9.028947487
122,46048,Genbank,28,F252193,CIAT-BH22_0521,Urochloa,humidicola,Urochloa humidicola,Poaceae,Poales,grasses,"60,61, 62",OT-021,,9.055084304,
123,46048,Genbank,28,F252574,CIAT326,Desmodium,scorpiurus,Desmodium scorpiurus,Fabaceae,Fabales,Herbaceous,"60,61, 62",OT-031,,28.60156825,28.62372253
124,46048,Genbank,28,F252574,CIAT326,Desmodium,scorpiurus,Desmodium scorpiurus,Fabaceae,Fabales,Herbaceous,"60,61, 62",OT-031,,28.6458768,
125,46048,Jacobo Arango/Alejandro Montoya,28,F250008,Sample 8,Cynodon, nlemfuensis ,Cynodon nlemfuensis ,Poaceae,Poales,grasses,"60,61, 62",OT-002,,,13.1
126,46048,Jacobo Arango/Alejandro Montoya,28,F250008,Sample 8,Cynodon, nlemfuensis ,Cynodon nlemfuensis ,Poaceae,Poales,grasses,"60,61, 62",OT-002,,,
127,46048,Genbank,28,F252575,CIAT415,Vigna,radiata,Vigna radiata,Fabaceae,Fabales,Herbaceous,"60,61, 62",OT-031,,26.95773609,26.95773609
128,46048,Genbank,28,F252575,CIAT415,Vigna,radiata,Vigna radiata,Fabaceae,Fabales,Herbaceous,"60,61, 62",OT-031,,26.95773609,
129,46048,Genbank,28,F252576,CIAT416,Vigna,radiata,Vigna radiata,Fabaceae,Fabales,Herbaceous,"60,61, 62",OT-031,,26.83737782,26.83737782
130,46048,Genbank,28,F252576,CIAT416,Vigna,radiata,Vigna radiata,Fabaceae,Fabales,Herbaceous,"60,61, 62",OT-031,,26.83737782,
131,46048,Genbank,28,F252577,CIAT517,Macroptilium,atropurpureum,Macroptilium atropurpureum,Fabaceae,Fabales,Herbaceous,"60,61, 62",OT-031,,23.68402656,23.68402656
132,46048,Genbank,28,F252577,CIAT517,Macroptilium,atropurpureum,Macroptilium atropurpureum,Fabaceae,Fabales,Herbaceous,"60,61, 62",OT-031,,23.68402656,
133,46048,Genbank,28,F252578,CIAT563,Macroptilium,bracteatum,Macroptilium bracteatum,Fabaceae,Fabales,Herbaceous,"60,61, 62",OT-031,,21.85730465,21.85730465
134,46048,Genbank,28,F252578,CIAT563,Macroptilium,bracteatum,Macroptilium bracteatum,Fabaceae,Fabales,Herbaceous,"60,61, 62",OT-031,,21.85730465,
135,46048,Genbank,28,F252579,CIAT789,Zornia,latifolia,Zornia latifolia,Fabaceae,Fabales,Herbaceous,"60,61, 62",OT-031,,14.78857004,14.78857004
136,46048,Genbank,28,F252579,CIAT789,Zornia,latifolia,Zornia latifolia,Fabaceae,Fabales,Herbaceous,"60,61, 62",OT-031,,14.78857004,
137,46048,Genbank,28,F252580,CIAT2085,Stylosanthes,seabrana,Stylosanthes seabrana,Fabaceae,Fabales,Herbaceous,"60,61, 62",OT-031,,18.70996375,18.70996375
138,46048,Genbank,28,F252580,CIAT2085,Stylosanthes,seabrana,Stylosanthes seabrana,Fabaceae,Fabales,Herbaceous,"60,61, 62",OT-031,,18.70996375,
139,46048,Genbank,28,F252581,CIAT2690,Stylosanthes,angustifolia,Stylosanthes angustifolia,Fabaceae,Fabales,Herbaceous,"60,61, 62",OT-031,,17.54314001,17.54314001
140,46048,Genbank,28,F252581,CIAT2690,Stylosanthes,angustifolia,Stylosanthes angustifolia,Fabaceae,Fabales,Herbaceous,"60,61, 62",OT-031,,17.54314001,
141,46048,Genbank,28,F252582,CIAT4069,Macroptilium,atropurpureum,Macroptilium atropurpureum,Fabaceae,Fabales,Herbaceous,"60,61, 62",OT-031,,20.83137982,20.83137982
142,46048,Genbank,28,F252582,CIAT4069,Macroptilium,atropurpureum,Macroptilium atropurpureum,Fabaceae,Fabales,Herbaceous,"60,61, 62",OT-031,,20.83137982,
143,46048,Genbank,28,F252583,CIAT4141,Vigna,radiata,Vigna radiata,Fabaceae,Fabales,Herbaceous,"60,61, 62",OT-031,,19.79583376,19.48200475
144,46048,Genbank,28,F252583,CIAT4141,Vigna,radiata,Vigna radiata,Fabaceae,Fabales,Herbaceous,"60,61, 62",OT-031,,19.16817574,
145,46048,Genbank,28,F252584,CIAT4532,Vigna,unguiculata,Vigna unguiculata,Fabaceae,Fabales,Herbaceous,"60,61, 62",OT-031,,18.9362818,18.9362818
146,46048,Genbank,28,F252584,CIAT4532,Vigna,unguiculata,Vigna unguiculata,Fabaceae,Fabales,Herbaceous,"60,61, 62",OT-031,,18.9362818,
147,46048,Genbank,28,F252585,CIAT4537,Vigna,unguiculata,Vigna unguiculata,Fabaceae,Fabales,Herbaceous,"60,61, 62",OT-031,,25.08438089,25.08438089
148,46048,Genbank,28,F252585,CIAT4537,Vigna,unguiculata,Vigna unguiculata,Fabaceae,Fabales,Herbaceous,"60,61, 62",OT-031,,25.08438089,
149,46048,Genbank,28,F252586,CIAT7289,Chamaecrista,mimosoides,Chamaecrista mimosoides,Fabaceae,Fabales,Herbaceous,"60,61, 62",OT-031,,18.55944373,18.55944373
150,46048,Genbank,28,F252586,CIAT7289,Chamaecrista,mimosoides,Chamaecrista mimosoides,Fabaceae,Fabales,Herbaceous,"60,61, 62",OT-031,,18.55944373,
151,46048,Genbank,28,F252587,CIAT7826,Tephrosia,purpurea,Tephrosia purpurea,Fabaceae,Fabales,Herbaceous,"60,61, 62",OT-031,,21.70179375,21.70179375
152,46048,Genbank,28,F252587,CIAT7826,Tephrosia,purpurea,Tephrosia purpurea,Fabaceae,Fabales,Herbaceous,"60,61, 62",OT-031,,21.70179375,
153,46048,Genbank,28,F252588,CIAT8014,Crotalaria,retusa,Crotalaria retusa,Fabaceae,Fabales,Herbaceous,"60,61, 62",OT-031,,21.18340649,21.18340649
154,46048,Genbank,28,F252588,CIAT8014,Crotalaria,retusa,Crotalaria retusa,Fabaceae,Fabales,Herbaceous,"60,61, 62",OT-031,,21.18340649,
155,46048,Genbank,28,F252589,CIAT8849,Zornia,brasiliensis,Zornia brasiliensis,Fabaceae,Fabales,Herbaceous,"60,61, 62",OT-031,,17.57023385,17.57023385
156,46048,Genbank,28,F252589,CIAT8849,Zornia,brasiliensis,Zornia brasiliensis,Fabaceae,Fabales,Herbaceous,"60,61, 62",OT-031,,17.57023385,
157,46048,Genbank,28,F252590,CIAT9326,Crotalaria,retusa,Crotalaria retusa,Fabaceae,Fabales,Herbaceous,"60,61, 62",OT-031,,18.83906509,18.83906509
158,46048,Genbank,28,F252590,CIAT9326,Crotalaria,retusa,Crotalaria retusa,Fabaceae,Fabales,Herbaceous,"60,61, 62",OT-031,,18.83906509,
159,46048,Genbank,28,F252591,CIAT9337,Crotalaria,retusa,Crotalaria retusa,Fabaceae,Fabales,Herbaceous,"60,61, 62",OT-031,,22.45780061,22.45780061
160,46048,Genbank,28,F252591,CIAT9337,Crotalaria,retusa,Crotalaria retusa,Fabaceae,Fabales,Herbaceous,"60,61, 62",OT-031,,22.45780061,
161,46048,Genbank,28,F252592,CIAT9350,Crotalaria,pumila,Crotalaria pumila,Fabaceae,Fabales,Herbaceous,"60,61, 62",OT-031,,21.99387384,21.99387384
162,46048,Genbank,28,F252592,CIAT9350,Crotalaria,pumila,Crotalaria pumila,Fabaceae,Fabales,Herbaceous,"60,61, 62",OT-031,,21.99387384,
163,46048,Genbank,28,F252593,CIAT9352,Crotalaria,pumila,Crotalaria pumila,Fabaceae,Fabales,Herbaceous,"60,61, 62",OT-031,,22.91297307,22.81967121
164,46048,Genbank,28,F252593,CIAT9352,Crotalaria,pumila,Crotalaria pumila,Fabaceae,Fabales,Herbaceous,"60,61, 62",OT-031,,22.72636934,
165,46048,Genbank,28,F252594,CIAT9472,Zornia,brasiliensis,Zornia brasiliensis,Fabaceae,Fabales,Herbaceous,"60,61, 62",OT-031,,18.2131397,18.2131397
166,46048,Genbank,28,F252594,CIAT9472,Zornia,brasiliensis,Zornia brasiliensis,Fabaceae,Fabales,Herbaceous,"60,61, 62",OT-031,,18.2131397,
167,46048,Genbank,28,F252595,CIAT9531,Indigofera,spicata,Indigofera spicata,Fabaceae,Fabales,Herbaceous,"60,61, 62",OT-031,,20.55277496,20.55277496
168,46048,Genbank,28,F252595,CIAT9531,Indigofera,spicata,Indigofera spicata,Fabaceae,Fabales,Herbaceous,"60,61, 62",OT-031,,20.55277496,
169,46048,Genbank,28,F252596,CIAT10026,Stylosanthes,seabrana,Stylosanthes seabrana,Fabaceae,Fabales,Herbaceous,"60,61, 62",OT-031,,16.29399375,16.29399375
170,46048,Genbank,28,F252596,CIAT10026,Stylosanthes,seabrana,Stylosanthes seabrana,Fabaceae,Fabales,Herbaceous,"60,61, 62",OT-031,,16.29399375,
171,46048,Genbank,28,F252597,CIAT12411,Stylosanthes,sympodialis,Stylosanthes sympodialis,Fabaceae,Fabales,Herbaceous,"60,61, 62",OT-031,,17.93763784,17.93763784
172,46048,Genbank,28,F252597,CIAT12411,Stylosanthes,sympodialis,Stylosanthes sympodialis,Fabaceae,Fabales,Herbaceous,"60,61, 62",OT-031,,17.93763784,
173,46048,Genbank,28,F252598,CIAT13494,Desmodium,tortuosum,Desmodium tortuosum,Fabaceae,Fabales,Shurb_Tree,"60,61, 62",OT-031,,21.07617968,21.07617968
174,46048,Genbank,28,F252598,CIAT13494,Desmodium,tortuosum,Desmodium tortuosum,Fabaceae,Fabales,Shurb_Tree,"60,61, 62",OT-031,,21.07617968,
175,46048,Genbank,28,F252599,CIAT13562,Desmodium,tortuosum,Desmodium tortuosum,Fabaceae,Fabales,Shurb_Tree,"60,61, 62",OT-031,,18.55661144,18.55661144
176,46048,Genbank,28,F252599,CIAT13562,Desmodium,tortuosum,Desmodium tortuosum,Fabaceae,Fabales,Shurb_Tree,"60,61, 62",OT-031,,18.55661144,
177,46048,Genbank,28,F252600,CIAT13593,Desmodium,scorpiurus,Desmodium scorpiurus,Fabaceae,Fabales,Herbaceous,"60,61, 62",OT-031,,16.64819845,16.64819845
178,46048,Genbank,28,F252600,CIAT13593,Desmodium,scorpiurus,Desmodium scorpiurus,Fabaceae,Fabales,Herbaceous,"60,61, 62",OT-031,,16.64819845,
179,46048,Genbank,28,F252601,CIAT13608,Desmodium,incanum,Desmodium incanum,Fabaceae,Fabales,Herbaceous,"60,61, 62",OT-031,,17.5775175,17.5775175
180,46048,Genbank,28,F252601,CIAT13608,Desmodium,incanum,Desmodium incanum,Fabaceae,Fabales,Herbaceous,"60,61, 62",OT-031,,17.5775175,
181,46048,Genbank,28,F252602,CIAT18277,Indigofera,jamaicensis,Indigofera jamaicensis,Fabaceae,Fabales,Herbaceous,"60,61, 62",OT-031,,21.9401464,21.9401464
182,46048,Genbank,28,F252602,CIAT18277,Indigofera,jamaicensis,Indigofera jamaicensis,Fabaceae,Fabales,Herbaceous,"60,61, 62",OT-031,,21.9401464,
183,46048,Genbank,28,F252603,CIAT18952,Indigofera,atriceps,Indigofera atriceps,Fabaceae,Fabales,Herbaceous,"60,61, 62",OT-031,,16.68180624,16.65817348
184,46048,Genbank,28,F252603,CIAT18952,Indigofera,atriceps,Indigofera atriceps,Fabaceae,Fabales,Herbaceous,"60,61, 62",OT-031,,16.63454072,
185,46048,Jacobo Arango/ Alejandro Montoya,28,F250008,Sample 8,Cynodon, nlemfuensis ,Cynodon nlemfuensis ,Poaceae,Poales,grasses,"60,61, 62",OT-002,,,13.1
186,46048,Jacobo Arango/ Alejandro Montoya,28,F250008,Sample 8,Cynodon, nlemfuensis ,Cynodon nlemfuensis ,Poaceae,Poales,grasses,"60,61, 62",OT-002,,,
187,46055,Genbank,29,F252604,CIAT18953,Indigofera,atriceps,Indigofera atriceps,Fabaceae,Fabales,Herbaceous,"62,63,70",OT-031 (2025),,13.46691821,13.46691821
188,46055,Genbank,29,F252604,CIAT18953,Indigofera,atriceps,Indigofera atriceps,Fabaceae,Fabales,Herbaceous,"62,63,70",OT-031 (2025),,13.46691821,
189,46055,Genbank,29,F252605,CIAT18954,Indigofera,atriceps,Indigofera atriceps,Fabaceae,Fabales,Herbaceous,"62,63,70",OT-031 (2025),,17.60529835,17.60529835
190,46055,Genbank,29,F252605,CIAT18954,Indigofera,atriceps,Indigofera atriceps,Fabaceae,Fabales,Herbaceous,"62,63,70",OT-031 (2025),,17.60529835,
191,46055,Genbank,29,F252606,CIAT19198,Tephrosia,villosa,Tephrosia villosa,Fabaceae,Fabales,Herbaceous,"62,63,70",OT-031 (2025),,26.99802394,26.99802394
192,46055,Genbank,29,F252606,CIAT19198,Tephrosia,villosa,Tephrosia villosa,Fabaceae,Fabales,Herbaceous,"62,63,70",OT-031 (2025),,26.99802394,
193,46055,Genbank,29,F252607,CIAT19460,Sesbania,cannabina,Sesbania cannabina,Fabaceae,Fabales,Shurb_Tree,"62,63,70",OT-031 (2025),,21.69628458,21.69628458
194,46055,Genbank,29,F252607,CIAT19460,Sesbania,cannabina,Sesbania cannabina,Fabaceae,Fabales,Shurb_Tree,"62,63,70",OT-031 (2025),,21.69628458,
195,46055,Genbank,29,F252608,CIAT20044,Tephrosia,purpurea,Tephrosia purpurea,Fabaceae,Fabales,Herbaceous,"62,63,70",OT-031 (2025),,27.96478552,27.96478552
196,46055,Genbank,29,F252608,CIAT20044,Tephrosia,purpurea,Tephrosia purpurea,Fabaceae,Fabales,Herbaceous,"62,63,70",OT-031 (2025),,27.96478552,
197,46055,Genbank,29,F252609,CIAT22423,Vigna,unguiculata,Vigna unguiculata,Fabaceae,Fabales,Herbaceous,"62,63,70",OT-031 (2025),,27.74472182,27.74472182
198,46055,Genbank,29,F252609,CIAT22423,Vigna,unguiculata,Vigna unguiculata,Fabaceae,Fabales,Herbaceous,"62,63,70",OT-031 (2025),,27.74472182,
199,46055,Genbank,29,F252610,CIAT22480,Sesbania,cannabina,Sesbania cannabina,Fabaceae,Fabales,Shurb_Tree,"62,63,70",OT-031 (2025),,26.98075692,26.98075692
200,46055,Genbank,29,F252610,CIAT22480,Sesbania,cannabina,Sesbania cannabina,Fabaceae,Fabales,Shurb_Tree,"62,63,70",OT-031 (2025),,26.98075692,
201,46055,Genbank,29,F252611,CIAT23116,Desmodium,tortuosum,Desmodium tortuosum,Fabaceae,Fabales,Shurb_Tree,"62,63,70",OT-031 (2025),,18.22528988,18.22528988
202,46055,Genbank,29,F252611,CIAT23116,Desmodium,tortuosum,Desmodium tortuosum,Fabaceae,Fabales,Shurb_Tree,"62,63,70",OT-031 (2025),,18.22528988,
203,46055,Genbank,29,F252612,CIAT23416,Codariocalyx,motorius,Codariocalyx motorius,Fabaceae,Fabales,Shurb_Tree,"62,63,70",OT-031 (2025),,18.14271529,18.14271529
204,46055,Genbank,29,F252612,CIAT23416,Codariocalyx,motorius,Codariocalyx motorius,Fabaceae,Fabales,Shurb_Tree,"62,63,70",OT-031 (2025),,18.14271529,
205,46055,Genbank,29,F252613,CIAT23806,Desmodium,angustifolium,Desmodium angustifolium,Fabaceae,Fabales,Herbaceous,"62,63,70",OT-031 (2025),,13.60322728,13.4971577
206,46055,Genbank,29,F252613,CIAT23806,Desmodium,angustifolium,Desmodium angustifolium,Fabaceae,Fabales,Herbaceous,"62,63,70",OT-031 (2025),,13.39108811,
207,46055,Genbank,29,F252614,CIAT24104,Macroptilium,atropurpureum,Macroptilium atropurpureum,Fabaceae,Fabales,Herbaceous,"62,63,70",OT-031 (2025),,26.64170878,26.64170878
208,46055,Genbank,29,F252614,CIAT24104,Macroptilium,atropurpureum,Macroptilium atropurpureum,Fabaceae,Fabales,Herbaceous,"62,63,70",OT-031 (2025),,26.64170878,
209,46055,Genbank,29,F252615,CIAT24565,Vigna,unguiculata,Vigna unguiculata,Fabaceae,Fabales,Herbaceous,"62,63,70",OT-031 (2025),,23.16338663,23.16222903
210,46055,Genbank,29,F252615,CIAT24565,Vigna,unguiculata,Vigna unguiculata,Fabaceae,Fabales,Herbaceous,"62,63,70",OT-031 (2025),,23.16107144,
211,46055,Genbank,29,F252616,CIAT33561,Desmodium,wigginsii,Desmodium wigginsii,Fabaceae,Fabales,Herbaceous,"62,63,70",OT-031 (2025),,16.2936559,16.2936559
212,46055,Genbank,29,F252616,CIAT33561,Desmodium,wigginsii,Desmodium wigginsii,Fabaceae,Fabales,Herbaceous,"62,63,70",OT-031 (2025),,16.2936559,
213,46055,Genbank,29,F252617,CIAT34038,Vigna,unguiculata,Vigna unguiculata,Fabaceae,Fabales,Herbaceous,"62,63,70",OT-031 (2025),,20.56824412,20.56824412
214,46055,Genbank,29,F252617,CIAT34038,Vigna,unguiculata,Vigna unguiculata,Fabaceae,Fabales,Herbaceous,"62,63,70",OT-031 (2025),,20.56824412,
215,46055,Genbank,29,F252618,CIAT34040,Vigna,aconitifolia,Vigna aconitifolia,Fabaceae,Fabales,Herbaceous,"62,63,70",OT-031 (2025),,25.5636915,25.5636915
216,46055,Genbank,29,F252618,CIAT34040,Vigna,aconitifolia,Vigna aconitifolia,Fabaceae,Fabales,Herbaceous,"62,63,70",OT-031 (2025),,25.5636915,
217,46055,Genbank,29,F252619,CIAT34042,Vigna,aconitifolia,Vigna aconitifolia,Fabaceae,Fabales,Herbaceous,"62,63,70",OT-031 (2025),,24.70704998,24.70704998
218,46055,Genbank,29,F252619,CIAT34042,Vigna,aconitifolia,Vigna aconitifolia,Fabaceae,Fabales,Herbaceous,"62,63,70",OT-031 (2025),,24.70704998,
219,46055,Genbank,29,F252620,CIAT34044,Vigna,aconitifolia,Vigna aconitifolia,Fabaceae,Fabales,Herbaceous,"62,63,70",OT-031 (2025),,22.3628054,22.3628054
220,46055,Genbank,29,F252620,CIAT34044,Vigna,aconitifolia,Vigna aconitifolia,Fabaceae,Fabales,Herbaceous,"62,63,70",OT-031 (2025),,22.3628054,
221,46055,Genbank,29,F252621,CIAT34148,Vigna,radiata,Vigna radiata,Fabaceae,Fabales,Herbaceous,"62,63,70",OT-031 (2025),,23.28788448,23.28788448
222,46055,Genbank,29,F252621,CIAT34148,Vigna,radiata,Vigna radiata,Fabaceae,Fabales,Herbaceous,"62,63,70",OT-031 (2025),,23.28788448,
223,46055,Genbank,29,F252622,CIAT34159,Vigna,unguiculata,Vigna unguiculata,Fabaceae,Fabales,Herbaceous,"62,63,70",OT-031 (2025),,22.86358872,22.86358872
224,46055,Genbank,29,F252622,CIAT34159,Vigna,unguiculata,Vigna unguiculata,Fabaceae,Fabales,Herbaceous,"62,63,70",OT-031 (2025),,22.86358872,
225,46055,Genbank,29,F252623,CIAT34347,Vigna,unguiculata,Vigna unguiculata,Fabaceae,Fabales,Herbaceous,"62,63,70",OT-031 (2025),,32.50938499,32.4648997
226,46055,Genbank,29,F252623,CIAT34347,Vigna,unguiculata,Vigna unguiculata,Fabaceae,Fabales,Herbaceous,"62,63,70",OT-031 (2025),,32.42041442,
227,46055,Genbank,29,F251692,CIAT-23715,Desmodium,sequax,Desmodium sequax,Fabaceae,Fabales,Shrub,"62,63,70",OT-008 (2025),,16.813217,16.813217
228,46055,Genbank,29,F251692,CIAT-23715,Desmodium,sequax,Desmodium sequax,Fabaceae,Fabales,Shrub,"62,63,70",OT-008 (2025),,16.813217,
229,46055,Jacobo Arango/ Alejandro Montoya,29,F250008,Sample 8,Cynodon, nlemfuensis ,Cynodon nlemfuensis ,Poaceae,Poales,grasses,"62,63,70",OT-002 (2025),,,
230,46055,Genbank,29,F250008,Sample 8,Cynodon, nlemfuensis ,Cynodon nlemfuensis ,Poaceae,Poales,grasses,"62,63,70",OT-002 (2025),,,
231,46062,Genbank,30,F260013,CIAT590,Macroptilium,bracteatum,Macroptilium bracteatum,Fabaceae,Fabales,Herbaceous,"64,65,71",OT-002(2026),,18.34283136,18.46960616
232,46062,Genbank,30,F260013,CIAT590,Macroptilium,bracteatum,Macroptilium bracteatum,Fabaceae,Fabales,Herbaceous,"64,65,71",OT-002(2026),,18.59638097,
233,46062,Genbank,30,F260014,CIAT778,Macroptilium,atropurpureum,Macroptilium atropurpureum,Fabaceae,Fabales,Herbaceous,"64,65,71",OT-002(2026),,22.84205672,22.84205672
234,46062,Genbank,30,F260014,CIAT778,Macroptilium,atropurpureum,Macroptilium atropurpureum,Fabaceae,Fabales,Herbaceous,"64,65,71",OT-002(2026),,22.84205672,
235,46062,Genbank,30,F260015,CIAT827,Indigofera,jamaicensis,Indigofera jamaicensis,Fabaceae,Fabales,Herbaceous,"64,65,71",OT-002(2026),,21.61626081,21.61626081
236,46062,Genbank,30,F260015,CIAT827,Indigofera,jamaicensis,Indigofera jamaicensis,Fabaceae,Fabales,Herbaceous,"64,65,71",OT-002(2026),,21.61626081,
237,46062,Genbank,30,F260016,CIAT997,Macroptilium,atropurpureum,Macroptilium atropurpureum,Fabaceae,Fabales,Herbaceous,"64,65,71",OT-002(2026),,21.4350367,21.4350367
238,46062,Genbank,30,F260016,CIAT997,Macroptilium,atropurpureum,Macroptilium atropurpureum,Fabaceae,Fabales,Herbaceous,"64,65,71",OT-002(2026),,21.4350367,
239,46062,Genbank,30,F260017,CIAT1405,Stylosanthes,capitata,Stylosanthes capitata,Fabaceae,Fabales,Herbaceous,"64,65,71",OT-002(2026),,16.06877613,16.06877613
240,46062,Genbank,30,F260017,CIAT1405,Stylosanthes,capitata,Stylosanthes capitata,Fabaceae,Fabales,Herbaceous,"64,65,71",OT-002(2026),,16.06877613,
241,46062,Genbank,30,F260018,CIAT1812,Stylosanthes,viscosa,Stylosanthes viscosa,Fabaceae,Fabales,Herbaceous,"64,65,71",OT-002(2026),,11.38570084,11.38570084
242,46062,Genbank,30,F260018,CIAT1812,Stylosanthes,viscosa,Stylosanthes viscosa,Fabaceae,Fabales,Herbaceous,"64,65,71",OT-002(2026),,11.38570084,
243,46062,Genbank,30,F260019,CIAT3694,Desmodium,sandwicense,Desmodium sandwicense,Fabaceae,Fabales,Herbaceous,"64,65,71",OT-002(2026),,17.41588153,17.41588153
244,46062,Genbank,30,F260019,CIAT3694,Desmodium,sandwicense,Desmodium sandwicense,Fabaceae,Fabales,Herbaceous,"64,65,71",OT-002(2026),,17.41588153,
245,46062,Genbank,30,F260020,CIAT4080,Macroptilium,bracteatum,Macroptilium bracteatum,Fabaceae,Fabales,Herbaceous,"64,65,71",OT-002(2026),,21.55350622,21.55350622
246,46062,Genbank,30,F260020,CIAT4080,Macroptilium,bracteatum,Macroptilium bracteatum,Fabaceae,Fabales,Herbaceous,"64,65,71",OT-002(2026),,21.55350622,
247,46062,Genbank,30,F260021,CIAT7162,Indigofera,jamaicensis,Indigofera jamaicensis,Fabaceae,Fabales,Herbaceous,"64,65,71",OT-002(2026),,23.42333436,23.42333436
248,46062,Genbank,30,F260021,CIAT7162,Indigofera,jamaicensis,Indigofera jamaicensis,Fabaceae,Fabales,Herbaceous,"64,65,71",OT-002(2026),,23.42333436,
249,46062,Genbank,30,F260022,CIAT8820,Tephrosia,cinerea,Tephrosia cinerea,Fabaceae,Fabales,Herbaceous,"64,65,71",OT-002(2026),,24.38627131,24.27463689
250,46062,Genbank,30,F260022,CIAT8820,Tephrosia,cinerea,Tephrosia cinerea,Fabaceae,Fabales,Herbaceous,"64,65,71",OT-002(2026),,24.16300248,
251,46062,Genbank,30,F260023,CIAT14080,Zornia,brasiliensis,Zornia brasiliensis,Fabaceae,Fabales,Herbaceous,"64,65,71",OT-002(2026),,17.22808905,17.22808905
252,46062,#REF!,30,F260023,CIAT14080,Zornia,brasiliensis,Zornia brasiliensis,Fabaceae,Fabales,Herbaceous,"64,65,71",OT-002(2026),,17.22808905,
253,#REF!,#REF!,30,F260024,CIAT18950,Indigofera,spicata,Indigofera spicata,Fabaceae,Fabales,Herbaceous,"64,65,71",OT-002(2026),,21.86273111,21.86273111
254,#REF!,#REF!,30,F260024,CIAT18950,Indigofera,spicata,Indigofera spicata,Fabaceae,Fabales,Herbaceous,"64,65,71",OT-002(2026),,21.86273111,
255,#REF!,#REF!,30,F260025,CIAT19193,Tephrosia,villosa,Tephrosia villosa,Fabaceae,Fabales,Herbaceous,"64,65,71",OT-002(2026),,21.65767298,21.65767298
256,#REF!,#REF!,30,F260025,CIAT19193,Tephrosia,villosa,Tephrosia villosa,Fabaceae,Fabales,Herbaceous,"64,65,71",OT-002(2026),,21.65767298,
257,#REF!,#REF!,30,F260026,CIAT19641,Tephrosia,purpurea,Tephrosia purpurea,Fabaceae,Fabales,Herbaceous,"64,65,71",OT-002(2026),,20.31614144,20.31614144
258,#REF!,#REF!,30,F260026,CIAT19641,Tephrosia,purpurea,Tephrosia purpurea,Fabaceae,Fabales,Herbaceous,"64,65,71",OT-002(2026),,20.31614144,
259,#REF!,#REF!,30,F260027,CIAT23503,Desmodium,macrodesmum,Desmodium macrodesmum,Fabaceae,Fabales,Herbaceous,"64,65,71",OT-002(2026),,20.34431216,20.34431216
260,#REF!,#REF!,30,F260027,CIAT23503,Desmodium,macrodesmum,Desmodium macrodesmum,Fabaceae,Fabales,Herbaceous,"64,65,71",OT-002(2026),,20.34431216,
261,#REF!,#REF!,30,F260028,CIAT24333,Macroptilium,bracteatum,Macroptilium bracteatum,Fabaceae,Fabales,Herbaceous,"64,65,71",OT-002(2026),,15.85300644,15.85300644
262,#REF!,#REF!,30,F260028,CIAT24333,Macroptilium,bracteatum,Macroptilium bracteatum,Fabaceae,Fabales,Herbaceous,"64,65,71",OT-002(2026),,15.85300644,
263,#REF!,#REF!,30,F260029,CIAT33235,Desmodium,scorpiurus,Desmodium scorpiurus,Fabaceae,Fabales,Herbaceous,"64,65,71",OT-002(2026),,20.05227466,20.05227466
264,#REF!,#REF!,30,F260029,CIAT33235,Desmodium,scorpiurus,Desmodium scorpiurus,Fabaceae,Fabales,Herbaceous,"64,65,71",OT-002(2026),,20.05227466,
265,,,30,F260030,CIAT33605,Desmodium,sandwicense x intortum,Desmodium sandwicense x intortum,Fabaceae,Fabales,Herbaceous,"64,65,71",OT-002(2026),,19.32230436,19.32230436
266,,,30,F260030,CIAT33605,Desmodium,sandwicense x intortum,Desmodium sandwicense x intortum,Fabaceae,Fabales,Herbaceous,"64,65,71",OT-002(2026),,19.32230436,
267,,,30,F260031,CIAT34144,Vigna,radiata,Vigna radiata,Fabaceae,Fabales,Herbaceous,"64,65,71",OT-002(2026),,24.93033588,24.93033588
268,,,30,F260031,CIAT34144,Vigna,radiata,Vigna radiata,Fabaceae,Fabales,Herbaceous,"64,65,71",OT-002(2026),,24.93033588,
269,,,30,F260032,CIAT7934,Sesbania,sesban,Sesbania sesban,Fabaceae,Fabales,Shurb_Tree,"64,65,71",OT-002(2026),,26.7015145,26.817681
270,,,30,F260032,CIAT7934,Sesbania,sesban,Sesbania sesban,Fabaceae,Fabales,Shurb_Tree,"64,65,71",OT-002(2026),,26.9338475,
271,,,30,F260033,CIAT7937,Mimosa,nuda,Mimosa nuda,Fabaceae,Fabales,Shurb_Tree,"64,65,71",OT-002(2026),,14.64673735,14.64673735
272,,,30,F260033,CIAT7937,Mimosa,nuda,Mimosa nuda,Fabaceae,Fabales,Shurb_Tree,"64,65,71",OT-002(2026),,14.64673735,
273,,,30,F260034,CIAT8056,Mimosa,diplotricha,Mimosa diplotricha,Fabaceae,Fabales,Shurb_Tree,"64,65,71",OT-002(2026),,18.61665369,18.61665369
274,,,30,F260034,CIAT8056,Mimosa,diplotricha,Mimosa diplotricha,Fabaceae,Fabales,Shurb_Tree,"64,65,71",OT-002(2026),,18.61665369,
275,,,30,F260035,CIAT17514,Mimosa,pudica,Mimosa pudica,Fabaceae,Fabales,Shurb_Tree,"64,65,71",OT-002(2026),,19.83297352,19.83297352
276,,,30,F260035,CIAT17514,Mimosa,pudica,Mimosa pudica,Fabaceae,Fabales,Shurb_Tree,"64,65,71",OT-002(2026),,19.83297352,
277,,,30,F260036,CIAT17725,Mimosa,polycarpa,Mimosa polycarpa,Fabaceae,Fabales,Shurb_Tree,"64,65,71",OT-002(2026),,21.37591113,21.37591113
278,46062,Genbank,30,F260036,CIAT17725,Mimosa,polycarpa,Mimosa polycarpa,Fabaceae,Fabales,Shurb_Tree,"64,65,71",OT-002(2026),,21.37591113,
279,46062,Genbank,30,F260037,CIAT18947,Sesbania,sesban,Sesbania sesban,Fabaceae,Fabales,Shurb_Tree,"64,65,71",OT-002(2026),,28.7937842,28.7937842
280,46062,Genbank,30,F260037,CIAT18947,Sesbania,sesban,Sesbania sesban,Fabaceae,Fabales,Shurb_Tree,"64,65,71",OT-002(2026),,28.7937842,
281,46062,Genbank,30,F260038,CIAT19165,Sesbania,keniensis,Sesbania keniensis,Fabaceae,Fabales,Shurb_Tree,"64,65,71",OT-002(2026),,25.52109302,25.52109302
282,46062,Genbank,30,F260038,CIAT19165,Sesbania,keniensis,Sesbania keniensis,Fabaceae,Fabales,Shurb_Tree,"64,65,71",OT-002(2026),,25.52109302,
283,46062,Genbank,30,F260039,CIAT21899,Sesbania,sesban,Sesbania sesban,Fabaceae,Fabales,Shurb_Tree,"64,65,71",OT-002(2026),,18.3249602,18.3249602
284,46062,Genbank,30,F260039,CIAT21899,Sesbania,sesban,Sesbania sesban,Fabaceae,Fabales,Shurb_Tree,"64,65,71",OT-002(2026),,18.3249602,
285,46062,Genbank,30,F260040,CIAT23414,Codariocalyx,motorius,Codariocalyx motorius,Fabaceae,Fabales,Shurb_Tree,"64,65,71",OT-002(2026),,15.86640488,16.19449371
286,46062,Genbank,30,F260040,CIAT23414,Codariocalyx,motorius,Codariocalyx motorius,Fabaceae,Fabales,Shurb_Tree,"64,65,71",OT-002(2026),,16.52258254,
287,46062,Genbank,30,F260041,CIAT23767,Desmodium,nicaraguense,Desmodium nicaraguense,Fabaceae,Fabales,Shurb_Tree,"64,65,71",OT-002(2026),,19.05313828,19.05313828
288,46062,Genbank,30,F260041,CIAT23767,Desmodium,nicaraguense,Desmodium nicaraguense,Fabaceae,Fabales,Shurb_Tree,"64,65,71",OT-002(2026),,19.05313828,
289,46062,Genbank,30,F260042,CIAT33127,Codariocalyx,motorius,Codariocalyx motorius,Fabaceae,Fabales,Shurb_Tree,"64,65,71",OT-002(2026),,13.66830468,13.66206871
290,46062,Genbank,30,F260042,CIAT33127,Codariocalyx,motorius,Codariocalyx motorius,Fabaceae,Fabales,Shurb_Tree,"64,65,71",OT-002(2026),,13.65583273,
291,46062,Breeding,30,F252104,CIAT-BR06_1348,Urochloa,interespecifico,Brachiaria interespecifico,Poaceae,Poales,grasses,"64,65,71",OT-013(2025),,12.27,12.225
292,46062,Breeding,30,F252104,CIAT-BR06_1348,Urochloa,interespecifico,Brachiaria interespecifico,Poaceae,Poales,grasses,"64,65,71",OT-013(2025),,12.18,
293,46062,Breeding,30,F252166,CIAT-BH22_0528,Urochloa,humidicola,Urochloa humidicola,Poaceae,Poales,grasses,"64,65,71",OT-020(2025),,8.73,8.765
294,46062,Breeding,30,F252166,CIAT-BH22_0528,Urochloa,humidicola,Urochloa humidicola,Poaceae,Poales,grasses,"64,65,71",OT-020(2025),,8.8,
295,46062,Jacobo Arango/ Alejandro Montoya,30,F250008,Sample 8,Cynodon, nlemfuensis ,Cynodon nlemfuensis ,Poaceae,Poales,grasses,"64,65,71",OT-001(2025),,13.1,13.1
296,46062,Jacobo Arango/ Alejandro Montoya,30,F250008,Sample 8,Cynodon, nlemfuensis ,Cynodon nlemfuensis ,Poaceae,Poales,grasses,"64,65,71",OT-001(2025),,13.1,
