40_sample_serial_no,40_date,40_requisitioner,40_set_ciat,40_ciat_lab_id,40_gene_bank_breeding_program_id,40_genus,40_species,40_tax_name,40_family,40_order,40_functional_group,40_av_dm_105,40_av_ash_percentage,40_om_percente,40_av_pc_percentage,40_av_adf_percentage_dm,40_av_ndf_percentage_dm
Sample serial No,"Date (M,D.Y)",Requisitioner,Set CIAT,CIAT Lab-ID,Gene bank /Breeding program ID,Genus,Species,Tax Name,Family,Order,Functional Group,Av DM 105,"Av Ash, %","OM, %","Av PC, %"," Av ADF, % (DM)"," Av NDF, % (DM)"
1,46041,Genbank,27,F251728,CIAT-13262,Dendrolobium,triangulare,Dendrolobium triangulare,Fabaceae,Fabales,Tree,94.93228196,8.697026471,91.30297353,18.98095108,47.52317706,60.40435877
2,46041,Genbank,27,F251729,CIAT-13528,Dendrolobium,lanceolatum,Dendrolobium lanceolatum,Fabaceae,Fabales,Tree,95.04574088,7.584683557,92.41531644,16.89700161,48.36218724,56.87954787
3,46041,Genbank,27,F251730,CIAT-13529,Dendrolobium,triangulare,Dendrolobium triangulare,Fabaceae,Fabales,Tree,94.35698318,6.690322969,93.30967703,18.17097604,45.32812119,59.94398484
4,46041,Genbank,27,F251731,CIAT-13710,Dendrolobium,lanceolatum,Dendrolobium lanceolatum,Fabaceae,Fabales,Tree,94.1326423,7.491369387,92.50863061,19.13818782,55.17177684,64.35700251
5,46041,Genbank,27,F251732,CIAT-22004,Dendrolobium,triangulare,Dendrolobium triangulare,Fabaceae,Fabales,Tree,94.29584986,6.812638277,93.18736172,17.58227963,49.20313501,63.60852582
6,46041,Genbank,27,F251733,CIAT-23104,Dendrolobium,triangulare,Dendrolobium triangulare,Fabaceae,Fabales,Tree,92.63257908,6.998325401,93.0016746,19.39471605,57.00503903,67.21953003
7,46041,Genbank,27,F251734,CIAT-23106,Dendrolobium,triangulare,Dendrolobium triangulare,Fabaceae,Fabales,Tree,94.65267366,6.853220697,93.1467793,21.88530889,55.75098488,67.76100615
8,46041,Genbank,27,F251735,CIAT-23107,Dendrolobium,triangulare,Dendrolobium triangulare,Fabaceae,Fabales,Tree,94.98700765,6.919239561,93.08076044,21.24081713,51.07086181,67.2167779
9,46041,Genbank,27,F251736,CIAT-23108,Dendrolobium,triangulare,Dendrolobium triangulare,Fabaceae,Fabales,Tree,94.54327404,6.929175476,93.07082452,21.58733126,58.16741146,69.36610063
10,46041,Genbank,27,F251737,CIAT-23412,Dendrolobium,triangulare,Dendrolobium triangulare,Fabaceae,Fabales,Tree,94.18764467,7.274745611,92.72525439,21.14714305,50.97707007,62.1361665
11,46041,Genbank,27,F251738,CIAT-23413,Dendrolobium,triangulare,Dendrolobium triangulare,Fabaceae,Fabales,Tree,93.52667142,7.498658928,92.50134107,21.31752628,54.59114653,66.22603541
12,46041,Genbank,27,F251739,CIAT-23419,Dendrolobium,triangulare,Dendrolobium triangulare,Fabaceae,Fabales,Tree,93.95743146,7.202507611,92.79749239,20.19491829,56.43442414,67.78394011
13,46041,Genbank,27,F251740,CIAT-23422,Dendrolobium,triangulare,Dendrolobium triangulare,Fabaceae,Fabales,Tree,91.85744918,7.063174198,92.9368258,21.67495417,54.62975611,66.57310598
14,46041,Genbank,27,F251741,CIAT-23734,Dendrolobium,triangulare,Dendrolobium triangulare,Fabaceae,Fabales,Tree,94.71104974,7.859177882,92.14082212,21.43501368,47.21960114,62.02315039
15,46041,Genbank,27,F251742,CIAT-23932,Dendrolobium,triangulare,Dendrolobium triangulare,Fabaceae,Fabales,Tree,95.12195122,7.292980244,92.70701976,18.84082731,49.89224893,63.09107017
16,46041,Genbank,27,F251743,CIAT-23933,Dendrolobium,triangulare,Dendrolobium triangulare,Fabaceae,Fabales,Tree,93.72124769,7.371449396,92.6285506,17.58420593,49.30848354,64.36924866
17,46041,Genbank,27,F251744,CIAT-23934,Dendrolobium,triangulare,Dendrolobium triangulare,Fabaceae,Fabales,Tree,94.17175994,8.195338377,91.80466162,22.61279649,43.73700737,58.49671401
18,46041,Genbank,27,F251745,CIAT-23936,Dendrolobium,triangulare,Dendrolobium triangulare,Fabaceae,Fabales,Tree,94.05856486,7.798969346,92.20103065,19.26631303,49.20967469,61.65556371
19,46041,Genbank,27,F251746,CIAT-33119,Dendrolobium,triangulare,Dendrolobium triangulare,Fabaceae,Fabales,Tree,95.28710945,7.395369239,92.60463076,17.30043112,40.97747309,59.47836238
20,46041,Genbank,27,F251747,CIAT-33383,Dendrolobium,sp.,Dendrolobium sp.,Fabaceae,Fabales,Tree,94.67156206,9.804579653,90.19542035,14.66394754,47.33808634,59.75799108
21,46041,Genbank,27,F251748,CIAT-33402,Dendrolobium,triangulare,Dendrolobium triangulare,Fabaceae,Fabales,Tree,94.631891,6.908571878,93.09142812,20.08407391,45.18159981,60.09139911
22,46041,Genbank,27,F251749,CIAT-33508,Dendrolobium,umbellatum,Dendrolobium umbellatum,Fabaceae,Fabales,Tree,93.74624719,8.665280104,91.3347199,22.60556623,45.81166384,58.36144016
23,46041,Genbank,27,F251750,CIAT-33515,Dendrolobium,triangulare,Dendrolobium triangulare,Fabaceae,Fabales,Tree,93.4109897,11.11094838,88.88905162,20.96312701,51.4709948,63.31758966
24,46041,Genbank,27,F251751,CIAT-7353,Prosopis,juliflora,Prosopis juliflora,Fabaceae,Fabales,Tree,94.62661746,9.418371019,90.58162898,30.48645396,29.37746941,46.32447246
25,46041,Genbank,27,F251752,CIAT-7976,Cassia,sp.,Cassia sp.,Fabaceae,Fabales,Tree,93.41763138,12.05353052,87.94646948,25.58851827,39.53895727,50.11579047
26,46041,Genbank,27,F251753,CIAT-8018,Acacia,aroma,Acacia aroma,Fabaceae,Fabales,Tree,93.79561688,18.11200023,81.88799977,23.53692406,58.52671131,70.33432005
27,46041,Genbank,27,F251754,CIAT-9990,Prosopis,juliflora,Prosopis juliflora,Fabaceae,Fabales,Tree,92.97421547,12.38310223,87.61689777,31.75200833,28.64229725,48.76403521
28,46041,Genbank,27,F251755,CIAT-13258,Dendrolobium,lanceolatum,Dendrolobium lanceolatum,Fabaceae,Fabales,Tree,94.59742889,14.86686535,85.13313465,15.55026437,54.95714405,61.80264203
29,46041,Genbank,27,F251756,CIAT-13260,Dendrolobium,lanceolatum,Dendrolobium lanceolatum,Fabaceae,Fabales,Tree,94.07647912,12.08275428,87.91724572,15.81342541,57.39257655,65.19358019
30,46041,Genbank,27,F251757,CIAT-17263,Leucaena,leucocephala,Leucaena leucocephala,Fabaceae,Fabales,Tree,94.47167599,13.81432952,86.18567048,13.71470324,36.26730838,57.7622396
31,46041,Isabel Molina,27,F252640, Cayman Br02_1752,Urochloa,interespecifico,Urochloa interespecifico,Poaceae,Poales,grasses,97.00105012,9.651155486,90.34884451,8.054385693,26.24181561,62.13365081
32,46041,Mauricio Sotelo,27,F252641,N/A,Gliricidia  ,sepium,Gliricidia sepium ,Fabaceae,Fabales,Arbustiva ,93.49727419,9.408744989,90.59125501,22.375,21.94,47.205
33,46041,Jacobo Arango/Alejandro Montoya,27,F250008,Sample 8,Cynodon, nlemfuensis ,Cynodon nlemfuensis ,Poaceae,Poales,grasses,93.55,11.4,88.6,0,0,0
34,46048,Genbank,28,F251758,CIAT-17459,Erythrina,berteroana,Erythrina berteroana,Fabaceae,Fabales,Tree,94.58716513,11.8678996,88.1321004,24.25144619,24.25144619,37.93629902
35,46048,Genbank,28,F251759,CIAT-17482,Leucaena,leucocephala,Leucaena leucocephala,Fabaceae,Fabales,Tree,92.66183252,14.23641966,85.76358034,26.54232304,26.54232304,32.66674732
36,46048,Genbank,28,F251760,CIAT-17502,Leucaena,leucocephala,Leucaena leucocephala,Fabaceae,Fabales,Tree,94.26086286,12.95686503,87.04313497,28.85997135,28.85997135,36.63350994
37,46048,Genbank,28,F251761,CIAT-19384,Prosopis,juliflora,Prosopis juliflora,Fabaceae,Fabales,Tree,93.38765237,10.33433437,89.66566563,36.9549258,36.9549258,30.7280142
38,46048,Genbank,28,F251762,CIAT-19571,Senna,cobanensis,Senna cobanensis,Fabaceae,Fabales,Tree,93.20739073,6.081072551,93.91892745,23.20097285,23.20097285,42.54798474
39,46048,Genbank,28,F251763,CIAT-20126,Acacia,angustissima,Acacia angustissima,Fabaceae,Fabales,Tree,93.97211712,5.776284983,94.22371502,29.90215547,29.90215547,48.09788855
40,46048,Genbank,28,F251764,CIAT-20788,Senna,pallida,Senna pallida,Fabaceae,Fabales,Tree,93.91682495,9.745063601,90.2549364,24.3024932,24.3024932,30.23235074
41,46048,Genbank,28,F251765,CIAT-21242,Leucaena,diversifolia,Leucaena diversifolia,Fabaceae,Fabales,Tree,93.21136566,6.875471971,93.12452803,23.2758353,23.2758353,45.04834391
42,46048,Genbank,28,F251766,CIAT-21512,Calliandra,calothyrsus,Calliandra calothyrsus,Fabaceae,Fabales,Tree,92.78788485,4.783194183,95.21680582,24.06932164,24.06932164,46.57195406
43,46048,Genbank,28,F251767,CIAT-21601,Erythrina,fusca,Erythrina fusca,Fabaceae,Fabales,Tree,93.23678588,7.044833203,92.9551668,23.75160561,23.41084859,56.10895442
44,46048,Genbank,28,F251768,CIAT-21809,Acacia,farnesiana,Acacia farnesiana,Fabaceae,Fabales,Tree,94.61581426,7.460640562,92.53935944,31.00065629,31.00065629,49.04035979
45,46048,Genbank,28,F251769,CIAT-21810,Acacia,angustissima,Acacia angustissima,Fabaceae,Fabales,Tree,94.78681304,5.3891594,94.6108406,31.66393985,31.66393985,40.17316966
46,46048,Genbank,28,F251770,CIAT-21888,Leucaena,leucocephala,Leucaena leucocephala,Fabaceae,Fabales,Tree,93.70720071,9.136970806,90.86302919,29.90458835,29.90458835,31.16669959
47,46048,Genbank,28,F251771,CIAT-22310,Calliandra,calothyrsus,Calliandra calothyrsus,Fabaceae,Fabales,Tree,94.8605099,5.713075036,94.28692496,21.75470624,21.75470624,52.18036474
48,46048,Genbank,28,F251772,CIAT-22311,Calliandra,calothyrsus,Calliandra calothyrsus,Fabaceae,Fabales,Tree,93.87716135,6.953483788,93.04651621,21.51362159,21.51362159,48.23549136
49,46048,Genbank,28,F251773,CIAT-22316,Calliandra,calothyrsus,Calliandra calothyrsus,Fabaceae,Fabales,Tree,95.51589927,8.646047909,91.35395209,20.81595568,20.81595568,43.60548667
50,46048,Genbank,28,F251774,CIAT-23239,Dendrolobium,triangulare,Dendrolobium triangulare,Fabaceae,Fabales,Tree,95.85582829,7.551501552,92.44849845,20.35537133,20.35537133,53.21545699
51,46048,Genbank,28,F251775,CIAT-33116,Dendrolobium,triangulare,Dendrolobium triangulare,Fabaceae,Fabales,Tree,95.63109272,7.882488089,92.11751191,18.29933939,18.29933939,56.56341222
52,46048,Genbank,28,F252184,CIAT-BH22_0303,Urochloa,humidicola,Urochloa humidicola,Poaceae,Poales,grasses,94.84129016,9.508249066,90.49175093,8.022996186,8.024372736,32.56160596
53,46048,Genbank,28,F252185,CIAT-BH22_1594,Urochloa,humidicola,Urochloa humidicola,Poaceae,Poales,grasses,95.07595962,11.58844246,88.41155754,8.047466056,7.956214447,34.1244778
54,46048,Genbank,28,F252186,CIAT-BH22_0468,Urochloa,humidicola,Urochloa humidicola,Poaceae,Poales,grasses,96.0205994,10.67319077,89.32680923,9.576828422,9.593884304,33.95959876
55,46048,Genbank,28,F252187,CIAT-BH22_3830,Urochloa,humidicola,Urochloa humidicola,Poaceae,Poales,grasses,95.96040396,10.19068459,89.80931541,8.108780345,8.039567546,32.61768508
56,46048,Genbank,28,F252188,CIAT-BH22_1710,Urochloa,humidicola,Urochloa humidicola,Poaceae,Poales,grasses,97.27027297,9.940378289,90.05962171,7.600387216,7.558349181,34.96825588
57,46048,Genbank,28,F252189,CIAT-BH22_2365,Urochloa,humidicola,Urochloa humidicola,Poaceae,Poales,grasses,97.1,12.34294542,87.65705458,10.01719507,9.983782792,31.84574309
58,46048,Genbank,28,F252190,CIAT-BH22_3572,Urochloa,humidicola,Urochloa humidicola,Poaceae,Poales,grasses,96.50034997,10.04041032,89.95958968,7.970471762,7.975931836,33.06491166
59,46048,Genbank,28,F252191,CIAT-BH22_0517,Urochloa,humidicola,Urochloa humidicola,Poaceae,Poales,grasses,96.86671949,10.26103525,89.73896475,8.167349854,8.209939033,34.34940314
60,46048,Genbank,28,F252192,CIAT-BH22_0519,Urochloa,humidicola,Urochloa humidicola,Poaceae,Poales,grasses,97.65535539,11.14466989,88.85533011,9.38325511,9.360586683,31.76728685
61,46048,Genbank,28,F252193,CIAT-BH22_0521,Urochloa,humidicola,Urochloa humidicola,Poaceae,Poales,grasses,96.52654873,10.99203537,89.00796463,9.00281067,9.028947487,31.57838055
62,46048,Genbank,28,F252574,CIAT326,Desmodium,scorpiurus,Desmodium scorpiurus,Fabaceae,Fabales,Herbaceous,93.55,11.4,88.6,28.60156825,28.62372253,39.48848273
63,46048,Jacobo Arango/Alejandro Montoya,28,F250008,Sample 8,Cynodon, nlemfuensis ,Cynodon nlemfuensis ,Poaceae,Poales,grasses,93.55,11.4,88.6,0,0,0
64,46048,Genbank,28,F252575,CIAT415,Vigna,radiata,Vigna radiata,Fabaceae,Fabales,Herbaceous,91.42885574,10.75762617,89.24237383,26.95773609,26.95773609,25.37871278
65,46048,Genbank,28,F252576,CIAT416,Vigna,radiata,Vigna radiata,Fabaceae,Fabales,Herbaceous,91.0831282,13.68599877,86.31400123,26.83737782,26.83737782,24.61392416
66,46048,Genbank,28,F252577,CIAT517,Macroptilium,atropurpureum,Macroptilium atropurpureum,Fabaceae,Fabales,Herbaceous,92.99781159,12.88760478,87.11239522,23.68402656,23.68402656,26.72725226
67,46048,Genbank,28,F252578,CIAT563,Macroptilium,bracteatum,Macroptilium bracteatum,Fabaceae,Fabales,Herbaceous,88.84780354,8.444929231,91.55507077,21.85730465,21.85730465,29.99083879
68,46048,Genbank,28,F252579,CIAT789,Zornia,latifolia,Zornia latifolia,Fabaceae,Fabales,Herbaceous,91.97281233,9.331025136,90.66897486,14.78857004,14.78857004,24.83226537
69,46048,Genbank,28,F252580,CIAT2085,Stylosanthes,seabrana,Stylosanthes seabrana,Fabaceae,Fabales,Herbaceous,91.01315869,9.451343506,90.54865649,18.70996375,18.70996375,37.03959724
70,46048,Genbank,28,F252581,CIAT2690,Stylosanthes,angustifolia,Stylosanthes angustifolia,Fabaceae,Fabales,Herbaceous,92.30309045,14.76074376,85.23925624,17.54314001,17.54314001,38.19609992
71,46048,Genbank,28,F252582,CIAT4069,Macroptilium,atropurpureum,Macroptilium atropurpureum,Fabaceae,Fabales,Herbaceous,90.94089982,11.81969195,88.18030805,20.83137982,20.83137982,32.4010087
72,46048,Genbank,28,F252583,CIAT4141,Vigna,radiata,Vigna radiata,Fabaceae,Fabales,Herbaceous,92.05698448,11.96785912,88.03214088,19.79583376,19.48200475,28.07370229
73,46048,Genbank,28,F252584,CIAT4532,Vigna,unguiculata,Vigna unguiculata,Fabaceae,Fabales,Herbaceous,92.22311644,12.06373267,87.93626733,18.9362818,18.9362818,24.10088015
74,46048,Genbank,28,F252585,CIAT4537,Vigna,unguiculata,Vigna unguiculata,Fabaceae,Fabales,Herbaceous,91.40629561,5.748212086,94.25178791,25.08438089,25.08438089,28.16909679
75,46048,Genbank,28,F252586,CIAT7289,Chamaecrista,mimosoides,Chamaecrista mimosoides,Fabaceae,Fabales,Herbaceous,90.75685004,8.322782107,91.67721789,18.55944373,18.55944373,37.05595298
76,46048,Genbank,28,F252587,CIAT7826,Tephrosia,purpurea,Tephrosia purpurea,Fabaceae,Fabales,Herbaceous,91.31391004,8.932184411,91.06781559,21.70179375,21.70179375,29.58125848
77,46048,Genbank,28,F252588,CIAT8014,Crotalaria,retusa,Crotalaria retusa,Fabaceae,Fabales,Herbaceous,91.31391004,8.932184411,91.06781559,21.18340649,21.18340649,31.01340151
78,46048,Genbank,28,F252589,CIAT8849,Zornia,brasiliensis,Zornia brasiliensis,Fabaceae,Fabales,Herbaceous,90.25548645,9.616661972,90.38333803,17.57023385,17.57023385,27.22743192
79,46048,Genbank,28,F252590,CIAT9326,Crotalaria,retusa,Crotalaria retusa,Fabaceae,Fabales,Herbaceous,92.00579942,7.754170516,92.24582948,18.83906509,18.83906509,32.05167123
80,46048,Genbank,28,F252591,CIAT9337,Crotalaria,retusa,Crotalaria retusa,Fabaceae,Fabales,Herbaceous,92.16734622,8.753189862,91.24681014,22.45780061,22.45780061,26.15941458
81,46048,Genbank,28,F252592,CIAT9350,Crotalaria,pumila,Crotalaria pumila,Fabaceae,Fabales,Herbaceous,91.19264221,7.575093181,92.42490682,21.99387384,21.99387384,29.62497073
82,46048,Genbank,28,F252593,CIAT9352,Crotalaria,pumila,Crotalaria pumila,Fabaceae,Fabales,Herbaceous,93.40632717,9.403270852,90.59672915,22.91297307,22.81967121,30.92834653
83,46048,Genbank,28,F252594,CIAT9472,Zornia,brasiliensis,Zornia brasiliensis,Fabaceae,Fabales,Herbaceous,92.0961833,10.150903,89.849097,18.2131397,18.2131397,24.22314912
84,46048,Genbank,28,F252595,CIAT9531,Indigofera,spicata,Indigofera spicata,Fabaceae,Fabales,Herbaceous,91.5983853,16.18926784,83.81073216,20.55277496,20.55277496,25.71391134
85,46048,Genbank,28,F252596,CIAT10026,Stylosanthes,seabrana,Stylosanthes seabrana,Fabaceae,Fabales,Herbaceous,92.74681353,9.970892531,90.02910747,16.29399375,16.29399375,35.01632533
86,46048,Genbank,28,F252597,CIAT12411,Stylosanthes,sympodialis,Stylosanthes sympodialis,Fabaceae,Fabales,Herbaceous,91.72124329,11.77848324,88.22151676,17.93763784,17.93763784,33.35711653
87,46048,Genbank,28,F252598,CIAT13494,Desmodium,tortuosum,Desmodium tortuosum,Fabaceae,Fabales,Shurb_Tree,91.66625229,10.88023618,89.11976382,21.07617968,21.07617968,23.51985913
88,46048,Genbank,28,F252599,CIAT13562,Desmodium,tortuosum,Desmodium tortuosum,Fabaceae,Fabales,Shurb_Tree,91.81204447,14.8037139,85.1962861,18.55661144,18.55661144,27.30491827
89,46048,Genbank,28,F252600,CIAT13593,Desmodium,scorpiurus,Desmodium scorpiurus,Fabaceae,Fabales,Herbaceous,90.70871514,10.4798948,89.5201052,16.64819845,16.64819845,42.86543156
90,46048,Genbank,28,F252601,CIAT13608,Desmodium,incanum,Desmodium incanum,Fabaceae,Fabales,Herbaceous,92.60907873,9.977345563,90.02265444,17.5775175,17.5775175,44.62612732
91,46048,Genbank,28,F252602,CIAT18277,Indigofera,jamaicensis,Indigofera jamaicensis,Fabaceae,Fabales,Herbaceous,89.82756762,10.32823895,89.67176105,21.9401464,21.9401464,32.66799286
92,46048,Genbank,28,F252603,CIAT18952,Indigofera,atriceps,Indigofera atriceps,Fabaceae,Fabales,Herbaceous,90.34290874,18.09235425,81.90764575,16.68180624,16.65817348,41.73947776
93,46048,Jacobo Arango/ Alejandro Montoya,28,F250008,Sample 8,Cynodon, nlemfuensis ,Cynodon nlemfuensis ,Poaceae,Poales,grasses,93.55,11.4,88.6,0,0,0
94,46055,Genbank,29,F252604,CIAT18953,Indigofera,atriceps,Indigofera atriceps,Fabaceae,Fabales,Herbaceous,89.53656703,11.97121274,88.02878726,13.46691821,13.46691821,44.85763775
95,46055,Genbank,29,F252605,CIAT18954,Indigofera,atriceps,Indigofera atriceps,Fabaceae,Fabales,Herbaceous,92.94105982,20.28407787,79.71592213,17.60529835,17.60529835,45.5644788
96,46055,Genbank,29,F252606,CIAT19198,Tephrosia,villosa,Tephrosia villosa,Fabaceae,Fabales,Herbaceous,90.54283677,11.32255879,88.67744121,26.99802394,26.99802394,33.60240728
97,46055,Genbank,29,F252607,CIAT19460,Sesbania,cannabina,Sesbania cannabina,Fabaceae,Fabales,Shurb_Tree,91.03358847,10.42628781,89.57371219,21.69628458,21.69628458,33.90170078
98,46055,Genbank,29,F252608,CIAT20044,Tephrosia,purpurea,Tephrosia purpurea,Fabaceae,Fabales,Herbaceous,92.1761763,11.53051385,88.46948615,27.96478552,27.96478552,25.26758731
99,46055,Genbank,29,F252609,CIAT22423,Vigna,unguiculata,Vigna unguiculata,Fabaceae,Fabales,Herbaceous,90.60592881,12.05092136,87.94907864,27.74472182,27.74472182,27.76521099
100,46055,Genbank,29,F252610,CIAT22480,Sesbania,cannabina,Sesbania cannabina,Fabaceae,Fabales,Shurb_Tree,92.47913271,11.67710884,88.32289116,26.98075692,26.98075692,27.25312308
101,46055,Genbank,29,F252611,CIAT23116,Desmodium,tortuosum,Desmodium tortuosum,Fabaceae,Fabales,Shurb_Tree,92.56574185,10.86687472,89.13312528,18.22528988,18.22528988,36.93640957
102,46055,Genbank,29,F252612,CIAT23416,Codariocalyx,motorius,Codariocalyx motorius,Fabaceae,Fabales,Shurb_Tree,92.80751346,12.2738173,87.7261827,18.14271529,18.14271529,40.90614806
103,46055,Genbank,29,F252613,CIAT23806,Desmodium,angustifolium,Desmodium angustifolium,Fabaceae,Fabales,Herbaceous,92.76608432,9.926703061,90.07329694,13.60322728,13.4971577,35.46605763
104,46055,Genbank,29,F252614,CIAT24104,Macroptilium,atropurpureum,Macroptilium atropurpureum,Fabaceae,Fabales,Herbaceous,92.29770388,13.07267813,86.92732187,26.64170878,26.64170878,26.43820876
105,46055,Genbank,29,F252615,CIAT24565,Vigna,unguiculata,Vigna unguiculata,Fabaceae,Fabales,Herbaceous,90.07247376,11.42128206,88.57871794,23.16338663,23.16222903,30.78779607
106,46055,Genbank,29,F252616,CIAT33561,Desmodium,wigginsii,Desmodium wigginsii,Fabaceae,Fabales,Herbaceous,91.87581242,9.909125537,90.09087446,16.2936559,16.2936559,35.8552484
107,46055,Genbank,29,F252617,CIAT34038,Vigna,unguiculata,Vigna unguiculata,Fabaceae,Fabales,Herbaceous,91.78910886,12.2447827,87.7552173,20.56824412,20.56824412,24.04917497
108,46055,Genbank,29,F252618,CIAT34040,Vigna,aconitifolia,Vigna aconitifolia,Fabaceae,Fabales,Herbaceous,90.65592781,12.81090438,87.18909562,25.5636915,25.5636915,22.85370059
109,46055,Genbank,29,F252619,CIAT34042,Vigna,aconitifolia,Vigna aconitifolia,Fabaceae,Fabales,Herbaceous,91.07089291,12.36824769,87.63175231,24.70704998,24.70704998,23.32593852
110,46055,Genbank,29,F252620,CIAT34044,Vigna,aconitifolia,Vigna aconitifolia,Fabaceae,Fabales,Herbaceous,91.57463243,10.43929542,89.56070458,22.3628054,22.3628054,21.10603306
111,46055,Genbank,29,F252621,CIAT34148,Vigna,radiata,Vigna radiata,Fabaceae,Fabales,Herbaceous,89.54261182,10.26070483,89.73929517,23.28788448,23.28788448,27.18308226
112,46055,Genbank,29,F252622,CIAT34159,Vigna,unguiculata,Vigna unguiculata,Fabaceae,Fabales,Herbaceous,90.48238338,11.99382056,88.00617944,22.86358872,22.86358872,22.21471082
113,46055,Genbank,29,F252623,CIAT34347,Vigna,unguiculata,Vigna unguiculata,Fabaceae,Fabales,Herbaceous,89.49262532,11.99798549,88.00201451,32.50938499,32.4648997,23.31284213
114,46055,Genbank,29,F251692,CIAT-23715,Desmodium,sequax,Desmodium sequax,Fabaceae,Fabales,Shrub,93.79248875,5.216884679,94.78311532,16.813217,16.813217,58.10429458
115,46055,Jacobo Arango/ Alejandro Montoya,29,F250008,Sample 8,Cynodon, nlemfuensis ,Cynodon nlemfuensis ,Poaceae,Poales,grasses,93.55,11.4,88.6,0,0,0
116,46062,Genbank,30,F260013,CIAT590,Macroptilium,bracteatum,Macroptilium bracteatum,Fabaceae,Fabales,Herbaceous,92.60293254,10.54077955,89.45922045,18.34283136,18.46960616,35.83839106
117,46062,Genbank,30,F260014,CIAT778,Macroptilium,atropurpureum,Macroptilium atropurpureum,Fabaceae,Fabales,Herbaceous,92.58296774,12.35694073,87.64305927,22.84205672,22.84205672,35.23702913
118,46062,Genbank,30,F260015,CIAT827,Indigofera,jamaicensis,Indigofera jamaicensis,Fabaceae,Fabales,Herbaceous,94.765,11.78705218,88.21294782,21.61626081,21.61626081,28.32269691
119,46062,Genbank,30,F260016,CIAT997,Macroptilium,atropurpureum,Macroptilium atropurpureum,Fabaceae,Fabales,Herbaceous,93.56128568,12.30498063,87.69501937,21.4350367,21.4350367,32.7530679
120,46062,Genbank,30,F260017,CIAT1405,Stylosanthes,capitata,Stylosanthes capitata,Fabaceae,Fabales,Herbaceous,94.62686923,14.27728367,85.72271633,16.06877613,16.06877613,44.13245587
121,46062,Genbank,30,F260018,CIAT1812,Stylosanthes,viscosa,Stylosanthes viscosa,Fabaceae,Fabales,Herbaceous,95.45704257,10.53930727,89.46069273,11.38570084,11.38570084,43.60282667
122,46062,Genbank,30,F260019,CIAT3694,Desmodium,sandwicense,Desmodium sandwicense,Fabaceae,Fabales,Herbaceous,94.45110978,12.9300307,87.0699693,17.41588153,17.41588153,45.96543024
123,46062,Genbank,30,F260020,CIAT4080,Macroptilium,bracteatum,Macroptilium bracteatum,Fabaceae,Fabales,Herbaceous,94.68738991,16.1881863,83.8118137,21.55350622,21.55350622,30.31303992
124,46062,Genbank,30,F260021,CIAT7162,Indigofera,jamaicensis,Indigofera jamaicensis,Fabaceae,Fabales,Herbaceous,94.01709825,15.83738766,84.16261234,23.42333436,23.42333436,32.7547816
125,46062,Genbank,30,F260022,CIAT8820,Tephrosia,cinerea,Tephrosia cinerea,Fabaceae,Fabales,Herbaceous,95.07574038,9.533024097,90.4669759,24.38627131,24.27463689,33.68961447
126,46062,Genbank,30,F260023,CIAT14080,Zornia,brasiliensis,Zornia brasiliensis,Fabaceae,Fabales,Herbaceous,94.72578887,18.45577814,81.54422186,17.22808905,17.22808905,28.67079411
127,46062,Genbank,30,F260024,CIAT18950,Indigofera,spicata,Indigofera spicata,Fabaceae,Fabales,Herbaceous,93.51824088,15.89269492,84.10730508,21.86273111,21.86273111,31.96986787
128,46062,Genbank,30,F260025,CIAT19193,Tephrosia,villosa,Tephrosia villosa,Fabaceae,Fabales,Herbaceous,94.33169943,7.158750153,92.84124985,21.65767298,21.65767298,35.02232084
129,46062,Genbank,30,F260026,CIAT19641,Tephrosia,purpurea,Tephrosia purpurea,Fabaceae,Fabales,Herbaceous,96.04658137,8.33636884,91.66363116,20.31614144,20.31614144,40.37681224
130,46062,Genbank,30,F260027,CIAT23503,Desmodium,macrodesmum,Desmodium macrodesmum,Fabaceae,Fabales,Herbaceous,93.32733154,13.2231507,86.7768493,20.34431216,20.34431216,40.54684301
131,46062,Genbank,30,F260028,CIAT24333,Macroptilium,bracteatum,Macroptilium bracteatum,Fabaceae,Fabales,Herbaceous,94.41223005,9.692969907,90.30703009,15.85300644,15.85300644,35.60478419
132,46062,Genbank,30,F260029,CIAT33235,Desmodium,scorpiurus,Desmodium scorpiurus,Fabaceae,Fabales,Herbaceous,93.33168666,15.45169958,84.54830042,20.05227466,20.05227466,42.48758016
133,46062,Genbank,30,F260030,CIAT33605,Desmodium,sandwicense x intortum,Desmodium sandwicense x intortum,Fabaceae,Fabales,Herbaceous,95.55244814,10.57478615,89.42521385,19.32230436,19.32230436,46.64076047
134,46062,Genbank,30,F260031,CIAT34144,Vigna,radiata,Vigna radiata,Fabaceae,Fabales,Herbaceous,90.89863496,11.67864493,88.32135507,24.93033588,24.93033588,21.64260736
135,46062,Genbank,30,F260032,CIAT7934,Sesbania,sesban,Sesbania sesban,Fabaceae,Fabales,Shurb_Tree,96.46644027,12.95746146,87.04253854,26.7015145,26.817681,19.53361176
136,46062,Genbank,30,F260033,CIAT7937,Mimosa,nuda,Mimosa nuda,Fabaceae,Fabales,Shurb_Tree,96.20113551,8.193610872,91.80638913,14.64673735,14.64673735,42.24165306
137,46062,Genbank,30,F260034,CIAT8056,Mimosa,diplotricha,Mimosa diplotricha,Fabaceae,Fabales,Shurb_Tree,95.2918852,9.918385946,90.08161405,18.61665369,18.61665369,36.51060581
138,46062,Genbank,30,F260035,CIAT17514,Mimosa,pudica,Mimosa pudica,Fabaceae,Fabales,Shurb_Tree,96.43587706,10.03494151,89.96505849,19.83297352,19.83297352,41.7560847
139,46062,Genbank,30,F260036,CIAT17725,Mimosa,polycarpa,Mimosa polycarpa,Fabaceae,Fabales,Shurb_Tree,95.66717287,7.997879094,92.00212091,21.37591113,21.37591113,35.5817939
140,46062,Genbank,30,F260037,CIAT18947,Sesbania,sesban,Sesbania sesban,Fabaceae,Fabales,Shurb_Tree,95.48091164,9.727651968,90.27234803,28.7937842,28.7937842,20.43736611
141,46062,Genbank,30,F260038,CIAT19165,Sesbania,keniensis,Sesbania keniensis,Fabaceae,Fabales,Shurb_Tree,96.44159927,10.39549328,89.60450672,25.52109302,25.52109302,30.66274946
142,46062,Genbank,30,F260039,CIAT21899,Sesbania,sesban,Sesbania sesban,Fabaceae,Fabales,Shurb_Tree,95.83687564,7.989151378,92.01084862,18.3249602,18.3249602,41.75912475
143,46062,Genbank,30,F260040,CIAT23414,Codariocalyx,motorius,Codariocalyx motorius,Fabaceae,Fabales,Shurb_Tree,96.30663719,9.335742891,90.66425711,15.86640488,16.19449371,42.72209983
144,46062,Genbank,30,F260041,CIAT23767,Desmodium,nicaraguense,Desmodium nicaraguense,Fabaceae,Fabales,Shurb_Tree,94.9960096,10.09841445,89.90158555,19.05313828,19.05313828,27.53672068
145,46062,Genbank,30,F260042,CIAT33127,Codariocalyx,motorius,Codariocalyx motorius,Fabaceae,Fabales,Shurb_Tree,95.60154985,9.531062323,90.46893768,13.66830468,13.66206871,43.8186202
146,46062,Breeding,30,F252104,CIAT-BR06_1348,Urochloa,interespecifico,Brachiaria interespecifico,Poaceae,Poales,grasses,93.09,14.475,85.525,12.27,12.225,25.43
147,46062,Breeding,30,F252166,CIAT-BH22_0528,Urochloa,humidicola,Urochloa humidicola,Poaceae,Poales,grasses,98.21,13.78,86.22,8.73,8.765,36.96
148,46062,Jacobo Arango/ Alejandro Montoya,30,F250008,Sample 8,Cynodon, nlemfuensis ,Cynodon nlemfuensis ,Poaceae,Poales,grasses,93.7,11.4,88.6,13.1,13.1,37.8
