24_no,24_requisitioner,24_set_ciat,24_ciat_lab_id,24_gene_bank_breeding_program_id,24_genus,24_species,24_tax_name,24_family,24_order,24_functional_group,24_replication,24_ndf,24_av_ndf_percentage_dm,
No,Requisitioner,Set CIAT,CIAT Lab-ID,Gene bank /Breeding program ID,Genus,Species,Tax Name,Family,Order,Functional Group,Replication,," Av NDF, % (DM)",
1,Genetic bank,23,F243540,ABC-1467-1,Stylosanthes,hamata,Stylosanthes hamata,Fabaceae,Fabales,Herbaceous,A,53.65239714,52.92729421,
2,Genetic bank,23,F243540,ABC-1467-1,Stylosanthes,hamata,Stylosanthes hamata,Fabaceae,Fabales,Herbaceous,B,52.20219129,,
3,Genetic bank,23,F243541,ABC-1475-1,Stylosanthes,hamata,Stylosanthes hamata,Fabaceae,Fabales,Herbaceous,A,58.2158637,56.45312509,
4,Genetic bank,23,F243541,ABC-1475-1,Stylosanthes,hamata,Stylosanthes hamata,Fabaceae,Fabales,Herbaceous,B,54.69038649,,
5,Genetic bank,23,F25-0954,ABC-23326,Desmodium,velutinum,Desmodium velutinum,Fabaceae,Fabales,Shrub,A,40.57,40,
6,Genetic bank,23,F25-0954,ABC-23326,Desmodium,velutinum,Desmodium velutinum,Fabaceae,Fabales,Shrub,B,39.43,,
7,Genetic bank,23,F25-0971,ABC-13149,Desmodium,strigillosum,Desmodium strigillosum,Fabaceae,Fabales,Herbaceous,A,51,49.675,
8,Genetic bank,23,F25-0971,ABC-13149,Desmodium,strigillosum,Desmodium strigillosum,Fabaceae,Fabales,Herbaceous,B,48.35,,
9,Genetic bank,23,F25-0974,ABC-13946,Desmodium,sequax,Desmodium sequax,Fabaceae,Fabales,Herbaceous,A,60.63,60.83,
10,Genetic bank,23,F25-0974,ABC-13946,Desmodium,sequax,Desmodium sequax,Fabaceae,Fabales,Herbaceous,B,61.03,,
11,Genetic bank,23,F25-0980,ABC-19867,Uraria,lagopodioides,Uraria lagopodioides,Fabaceae,Fabales,Herbaceous,A,43.08,44.285,
12,Genetic bank,23,F25-0980,ABC-19867,Uraria,lagopodioides,Uraria lagopodioides,Fabaceae,Fabales,Herbaceous,B,45.49,,
13,Genetic bank,23,F25-1651,CIAT-798,Galactia,striata,Galactia striata,Fabaceae,Fabales,Climber,A,56.07531623,56.89266389,
14,Genetic bank,23,F25-1651,CIAT-798,Galactia,striata,Galactia striata,Fabaceae,Fabales,Climber,B,57.71001155,,
15,Genetic bank,23,F25-1652,CIAT-822,Calopogonium,mucunoides,Calopogonium mucunoides,Fabaceae,Fabales,Climber,A,47.17079133,46.80180129,
16,Genetic bank,23,F25-1652,CIAT-822,Calopogonium,mucunoides,Calopogonium mucunoides,Fabaceae,Fabales,Climber,B,46.43281125,,
17,Genetic bank,23,F25-1653,CIAT-852,Dioclea,sericea,Dioclea sericea,Fabaceae,Fabales,Climber,A,64.52916051,63.41092761,
18,Genetic bank,23,F25-1653,CIAT-852,Dioclea,sericea,Dioclea sericea,Fabaceae,Fabales,Climber,B,62.29269472,,
19,Genetic bank,23,F25-1654,CIAT-907,Dioclea,virgata,Dioclea virgata,Fabaceae,Fabales,Climber,A,61.15222931,61.77493281,
20,Genetic bank,23,F25-1654,CIAT-907,Dioclea,virgata,Dioclea virgata,Fabaceae,Fabales,Climber,B,62.39763632,,
21,Genetic bank,23,F25-1655,CIAT-1992,Stylosanthes,guianensis,Stylosanthes guianensis,Fabaceae,Fabales,Herbaceous,A,60.93641064,60.22108633,
22,Genetic bank,23,F25-1655,CIAT-1992,Stylosanthes,guianensis,Stylosanthes guianensis,Fabaceae,Fabales,Herbaceous,B,59.50576202,,
23,Genetic bank,23,F25-1656,CIAT-3001,Codariocalyx,gyroides,Codariocalyx gyroides,Fabaceae,Fabales,Shrub,A,58.11104238,57.839963,
24,Genetic bank,23,F25-1656,CIAT-3001,Codariocalyx,gyroides,Codariocalyx gyroides,Fabaceae,Fabales,Shrub,B,57.56888362,,
25,Genetic bank,23,F25-1657,CIAT-3304,Desmodium,cajanifolium,Desmodium cajanifolium,Fabaceae,Fabales,Shrub,A,47.72310356,46.60975324,
26,Genetic bank,23,F25-1657,CIAT-3304,Desmodium,cajanifolium,Desmodium cajanifolium,Fabaceae,Fabales,Shrub,B,45.49640292,,
27,Genetic bank,23,F25-1658,CIAT-5713,Centrosema,macrocarpum,Centrosema macrocarpum,Fabaceae,Fabales,Climber,A,45.3831957,45.89872594,
28,Genetic bank,23,F25-1658,CIAT-5713,Centrosema,macrocarpum,Centrosema macrocarpum,Fabaceae,Fabales,Climber,B,46.41425618,,
29,Genetic bank,23,F25-1659,CIAT-7381,Galactia,glaucescens,Galactia glaucescens,Fabaceae,Fabales,Herbaceous,A,69.35196774,68.33942305,
30,Genetic bank,23,F25-1659,CIAT-7381,Galactia,glaucescens,Galactia glaucescens,Fabaceae,Fabales,Herbaceous,B,67.32687836,,
31,Genetic bank,23,F25-1660,CIAT-7799,Dioclea,guianensis,Dioclea guianensis,Fabaceae,Fabales,Climber,A,65.46390562,65.24709435,
32,Genetic bank,23,F25-1660,CIAT-7799,Dioclea,guianensis,Dioclea guianensis,Fabaceae,Fabales,Climber,B,65.03028307,,
33,Genetic bank,23,F25-1661,CIAT-7803,Dioclea,holtiana,Dioclea holtiana,Fabaceae,Fabales,Climber,A,57.90467215,58.23852862,
34,Genetic bank,23,F25-1661,CIAT-7803,Dioclea,holtiana,Dioclea holtiana,Fabaceae,Fabales,Climber,B,58.57238508,,
35,Genetic bank,23,F25-1662,CIAT-8182,Eriosema,diffusum,Eriosema diffusum,Fabaceae,Fabales,Herbaceous,A,63.34230175,63.36005574,
36,Genetic bank,23,F25-1662,CIAT-8182,Eriosema,diffusum,Eriosema diffusum,Fabaceae,Fabales,Herbaceous,B,63.37780974,,
37,Genetic bank,23,F25-1663,CIAT-8434,Dioclea,sericea,Dioclea sericea,Fabaceae,Fabales,Climber,A,63.32727069,62.40995594,
38,Genetic bank,23,F25-1663,CIAT-8434,Dioclea,sericea,Dioclea sericea,Fabaceae,Fabales,Climber,B,61.49264118,,
39,Genetic bank,23,F25-1664,CIAT-8702,Calopogonium,caeruleum,Calopogonium caeruleum,Fabaceae,Fabales,Climber,A,50.63369361,50.99436438,
40,Genetic bank,23,F25-1664,CIAT-8702,Calopogonium,caeruleum,Calopogonium caeruleum,Fabaceae,Fabales,Climber,B,51.35503515,,
41,Genetic bank,23,F25-1665,CIAT-8816,Crotalaria,micans,Crotalaria micans,Fabaceae,Fabales,Herbaceous,A,41.25203665,41.71649983,
42,Genetic bank,23,F25-1665,CIAT-8816,Crotalaria,micans,Crotalaria micans,Fabaceae,Fabales,Herbaceous,B,42.18096301,,
43,Genetic bank,23,F25-1666,CIAT-8826,Zapoteca,formosa,Zapoteca formosa,Fabaceae,Fabales,Shrub,A,37.82826716,38.61537092,
44,Genetic bank,23,F25-1666,CIAT-8826,Zapoteca,formosa,Zapoteca formosa,Fabaceae,Fabales,Shrub,B,39.40247468,,
45,Genetic bank,23,F25-1667,CIAT-9578,Dioclea,sericea,Dioclea sericea,Fabaceae,Fabales,Climber,A,63.24887269,63.42742148,
46,Genetic bank,23,F25-1667,CIAT-9578,Dioclea,sericea,Dioclea sericea,Fabaceae,Fabales,Climber,B,63.60597027,,
47,Genetic bank,23,F25-1668,CIAT-9740,Chamaecrista,desvauxii,Chamaecrista desvauxii,Fabaceae,Fabales,Herbaceous,A,53.17945358,53.42921321,
48,Genetic bank,23,F25-1668,CIAT-9740,Chamaecrista,desvauxii,Chamaecrista desvauxii,Fabaceae,Fabales,Herbaceous,B,53.67897284,,
49,Genetic bank,23,F25-1669,CIAT-9934,Aeschynomene,americana,Aeschynomene americana,Fabaceae,Fabales,Herbaceous,A,60.95531778,61.13696239,
50,Genetic bank,23,F25-1669,CIAT-9934,Aeschynomene,americana,Aeschynomene americana,Fabaceae,Fabales,Herbaceous,B,61.318607,,
51,Breeding,23,F25-2096,CIAT-PM21_4448,Megathyrsus,maximus,Megathyrsus maximus,Poaceae,Poales,grasses,A,71.78,72.065,
52,Breeding,23,F25-2096,CIAT-PM21_4448,Megathyrsus,maximus,Megathyrsus maximus,Poaceae,Poales,grasses,B,72.35,,
53,Breeding,23,F25-2101,CIAT-CIAT_16071,Megathyrsus,maximus,Megathyrsus maximus,Poaceae,Poales,grasses,A,66.57,66.515,
54,Breeding,23,F25-2101,CIAT-CIAT_16071,Megathyrsus,maximus,Megathyrsus maximus,Poaceae,Poales,grasses,B,66.46,,
55,Breeding,23,F25-2105,CIAT-BR09_4467,Urochloa,interespecifico,Brachiaria interespecifico,Poaceae,Poales,grasses,A,59.75,58.96,
56,Breeding,23,F25-2105,CIAT-BR09_4467,Urochloa,interespecifico,Brachiaria interespecifico,Poaceae,Poales,grasses,B,58.17,,
57,LMF-invivo,23,F25-2131,Muestra # 02,Cynodon,nlenfuensis,Cynodon nlemfuensis, Poaceae,Poales,grasses,A,77.29,77.785,
58,LMF-invivo,23,F25-2131,Muestra # 02,Cynodon,nlenfuensis,Cynodon nlemfuensis, Poaceae,Poales,grasses,B,78.28,,
59,Breeding,23,F25-2170,CIAT-BH22_0765,Urochloa,humidicola,Urochloa humidicola,Poaceae,Poales,grasses,A,73.32,72.255,
60,Breeding,23,F25-2170,CIAT-BH22_0765,Urochloa,humidicola,Urochloa humidicola,Poaceae,Poales,grasses,B,71.19,,
61,Breeding,23,F25-2171,CIAT-BH22_2531,Urochloa,humidicola,Urochloa humidicola,Poaceae,Poales,grasses,A,70.94,71.22,
62,Breeding,23,F25-2171,CIAT-BH22_2531,Urochloa,humidicola,Urochloa humidicola,Poaceae,Poales,grasses,B,71.5,,
63,LMF,23,F25-0017,Hohenheimer Heustandard,Hohenheimer,Heustandard,Hohenheimer Heustandard,0,0,0,A,,#DIV/0!,
64,LMF,23,F25-0017,Hohenheimer Heustandard,Hohenheimer,Heustandard,Hohenheimer Heustandard,0,0,0,B,,,
65,LMF,23,F25-0008,Sample 8,Cynodon,nlemfuensis ,Cynodon nlemfuensis ,0,0,0,A,,#DIV/0!,
66,LMF,23,F25-0008,Sample 8,Cynodon,nlemfuensis ,Cynodon nlemfuensis ,0,0,0,B,,,
67,Genetic bank,24,F25-1667,CIAT-9578,Dioclea,sericea,Dioclea sericea,Fabaceae,Fabales,Climber,A,63.24887269,63.42742148,
68,Genetic bank,24,F25-1667,CIAT-9578,Dioclea,sericea,Dioclea sericea,Fabaceae,Fabales,Climber,B,63.60597027,,
69,Genetic bank,24,F25-1670,CIAT-13158,Desmodium,strigillosum,Desmodium strigillosum,Fabaceae,Fabales,Herbaceous,A,49.74924242,50.2888795,
70,Genetic bank,24,F25-1670,CIAT-13158,Desmodium,strigillosum,Desmodium strigillosum,Fabaceae,Fabales,Herbaceous,B,50.82851659,,
71,Genetic bank,24,F25-1671,CIAT-13329,Desmodium,cajanifolium,Desmodium cajanifolium,Fabaceae,Fabales,Shrub,A,52.02906088,52.31473756,
72,Genetic bank,24,F25-1671,CIAT-13329,Desmodium,cajanifolium,Desmodium cajanifolium,Fabaceae,Fabales,Shrub,B,52.60041423,,
73,Genetic bank,24,F25-1672,CIAT-13387,Desmodium,sequax,Desmodium sequax,Fabaceae,Fabales,Shrub,A,63.60823844,63.9246525,
74,Genetic bank,24,F25-1672,CIAT-13387,Desmodium,sequax,Desmodium sequax,Fabaceae,Fabales,Shrub,B,64.24106655,,
75,Genetic bank,24,F25-1673,CIAT-13547,Codariocalyx,gyroides,Codariocalyx gyroides,Fabaceae,Fabales,Shrub,A,58.08298714,58.2670102,
76,Genetic bank,24,F25-1673,CIAT-13547,Codariocalyx,gyroides,Codariocalyx gyroides,Fabaceae,Fabales,Shrub,B,58.45103326,,
77,Genetic bank,24,F25-1674,CIAT-13953,Desmodium,velutinum,Desmodium velutinum,Fabaceae,Fabales,Shrub,A,44.43673647,44.47220374,
78,Genetic bank,24,F25-1674,CIAT-13953,Desmodium,velutinum,Desmodium velutinum,Fabaceae,Fabales,Shrub,B,44.50767102,,
79,Genetic bank,24,F25-1675,CIAT-15086,Centrosema,acutifolium,Centrosema acutifolium,Fabaceae,Fabales,Climber,A,55.38060158,56.24999975,
80,Genetic bank,24,F25-1675,CIAT-15086,Centrosema,acutifolium,Centrosema acutifolium,Fabaceae,Fabales,Climber,B,57.11939791,,
81,Genetic bank,24,F25-1676,CIAT-17403,Flemingia,macrophylla,Flemingia macrophylla,Fabaceae,Fabales,Shrub,A,63.61391173,64.1901126,
82,Genetic bank,24,F25-1676,CIAT-17403,Flemingia,macrophylla,Flemingia macrophylla,Fabaceae,Fabales,Shrub,B,64.76631348,,
83,Genetic bank,24,F25-1677,CIAT-17519,Mimosa,somnians,Mimosa somnians,Fabaceae,Fabales,Herbaceous,A,46.60433872,46.20691915,
84,Genetic bank,24,F25-1677,CIAT-17519,Mimosa,somnians,Mimosa somnians,Fabaceae,Fabales,Herbaceous,B,45.80949958,,
85,Genetic bank,24,F25-1678,CIAT-17896,Chamaecrista,desvauxii,Chamaecrista desvauxii,Fabaceae,Fabales,Herbaceous,A,52.92619891,51.7417056,
86,Genetic bank,24,F25-1678,CIAT-17896,Chamaecrista,desvauxii,Chamaecrista desvauxii,Fabaceae,Fabales,Herbaceous,B,50.55721229,,
87,Genetic bank,24,F25-1679,CIAT-18123,Dioclea,virgata,Dioclea virgata,Fabaceae,Fabales,Climber,A,63.71362875,62.79093768,
88,Genetic bank,24,F25-1679,CIAT-18123,Dioclea,virgata,Dioclea virgata,Fabaceae,Fabales,Climber,B,61.86824661,,
89,Genetic bank,24,F25-1680,CIAT-18126,Dioclea,virgata,Dioclea virgata,Fabaceae,Fabales,Climber,A,56.25746006,56.41229591,
90,Genetic bank,24,F25-1680,CIAT-18126,Dioclea,virgata,Dioclea virgata,Fabaceae,Fabales,Climber,B,56.56713176,,
91,Genetic bank,24,F25-1681,CIAT-18127,Dioclea,virgata,Dioclea virgata,Fabaceae,Fabales,Climber,A,54.98675123,54.54240007,
92,Genetic bank,24,F25-1681,CIAT-18127,Dioclea,virgata,Dioclea virgata,Fabaceae,Fabales,Climber,B,54.0980489,,
93,Genetic bank,24,F25-1682,CIAT-18668,Cratylia,argentea,Cratylia argentea,Fabaceae,Fabales,Shrub,A,50.63536382,50.1053531,
94,Genetic bank,24,F25-1682,CIAT-18668,Cratylia,argentea,Cratylia argentea,Fabaceae,Fabales,Shrub,B,49.57534238,,
95,Genetic bank,24,F25-1683,CIAT-19228,Eriosema,psoraleoides,Eriosema psoraleoides,Fabaceae,Fabales,Herbaceous,A,62.14975858,62.310629,
96,Genetic bank,24,F25-1683,CIAT-19228,Eriosema,psoraleoides,Eriosema psoraleoides,Fabaceae,Fabales,Herbaceous,B,62.47149943,,
97,Genetic bank,24,F25-1684,CIAT-19537,Crotalaria,verrucosa,Crotalaria verrucosa,Fabaceae,Fabales,Herbaceous,A,44.77658373,44.45502558,
98,Genetic bank,24,F25-1684,CIAT-19537,Crotalaria,verrucosa,Crotalaria verrucosa,Fabaceae,Fabales,Herbaceous,B,44.13346742,,
99,Genetic bank,24,F25-1685,CIAT-20208,Aeschynomene,sensitiva,Aeschynomene sensitiva,Fabaceae,Fabales,Herbaceous,A,58.34101098,59.6430658,
100,Genetic bank,24,F25-1685,CIAT-20208,Aeschynomene,sensitiva,Aeschynomene sensitiva,Fabaceae,Fabales,Herbaceous,B,60.94512061,,
101,Genetic bank,24,F25-1686,CIAT-20345,Pachyrhizus,erosus,Pachyrhizus erosus,Fabaceae,Fabales,Climber,A,38.18978026,38.50445451,
102,Genetic bank,24,F25-1686,CIAT-20345,Pachyrhizus,erosus,Pachyrhizus erosus,Fabaceae,Fabales,Climber,B,38.81912876,,
103,Genetic bank,24,F25-1687,CIAT-20927,Mimosa,albida,Mimosa albida,Fabaceae,Fabales,Herbaceous,A,57.35156864,59.00822426,
104,Genetic bank,24,F25-1687,CIAT-20927,Mimosa,albida,Mimosa albida,Fabaceae,Fabales,Herbaceous,B,60.66487987,,
105,Genetic bank,24,F25-1688,CIAT-21849,Chamaecrista,desvauxii,Chamaecrista desvauxii,Fabaceae,Fabales,Herbaceous,A,58.86466038,58.22557704,
106,Genetic bank,24,F25-1688,CIAT-21849,Chamaecrista,desvauxii,Chamaecrista desvauxii,Fabaceae,Fabales,Herbaceous,B,57.58649369,,
107,Genetic bank,24,F25-1689,CIAT-22072,Bauhinia,sp.,Bauhinia sp.,Fabaceae,Fabales,Shrub,A,45.92972813,45.09826938,
108,Genetic bank,24,F25-1689,CIAT-22072,Bauhinia,sp.,Bauhinia sp.,Fabaceae,Fabales,Shrub,B,44.26681064,,
109,Genetic bank,24,F25-1690,CIAT-22409,Cratylia,argentea,Cratylia argentea,Fabaceae,Fabales,Shrub,A,56.4329839,55.89666272,
110,Genetic bank,24,F25-1690,CIAT-22409,Cratylia,argentea,Cratylia argentea,Fabaceae,Fabales,Shrub,B,55.36034153,,
111,Genetic bank,24,F25-1691,CIAT-22692,Lablab,purpureus,Lablab purpureus,Fabaceae,Fabales,Climber,A,44.03638142,42.74357346,
112,Genetic bank,24,F25-1691,CIAT-22692,Lablab,purpureus,Lablab purpureus,Fabaceae,Fabales,Climber,B,41.4507655,,
113,Genetic bank,24,F25-1692,CIAT-23715,Desmodium,sequax,Desmodium sequax,Fabaceae,Fabales,Shrub,A,64.69971686,65.41813429,
114,Genetic bank,24,F25-1692,CIAT-23715,Desmodium,sequax,Desmodium sequax,Fabaceae,Fabales,Shrub,B,66.13655172,,
115,Genetic bank,24,F25-1693,CIAT-23746,Codariocalyx,gyroides,Codariocalyx gyroides,Fabaceae,Fabales,Shrub,A,55.31609704,56.60026432,
116,Genetic bank,24,F25-1693,CIAT-23746,Codariocalyx,gyroides,Codariocalyx gyroides,Fabaceae,Fabales,Shrub,B,57.88443161,,
117,Genetic bank,24,F25-1694,CIAT-23985,Desmodium,velutinum,Desmodium velutinum,Fabaceae,Fabales,Shrub,A,39.75223693,39.70345079,
118,Genetic bank,24,F25-1694,CIAT-23985,Desmodium,velutinum,Desmodium velutinum,Fabaceae,Fabales,Shrub,B,39.65466464,,
119,Genetic bank,24,F25-1695,CIAT-32265,Chamaecrista,diphylla,Chamaecrista diphylla,Fabaceae,Fabales,Herbaceous,A,54.2817187,53.25953053,
120,Genetic bank,24,F25-1695,CIAT-32265,Chamaecrista,diphylla,Chamaecrista diphylla,Fabaceae,Fabales,Herbaceous,B,52.23734236,,
121,Genetic bank,24,F25-1696,CIAT-33070,Desmodium,oblongum,Desmodium oblongum,Fabaceae,Fabales,Shrub,A,54.61927237,54.17887651,
122,Genetic bank,24,F25-1696,CIAT-33070,Desmodium,oblongum,Desmodium oblongum,Fabaceae,Fabales,Shrub,B,53.73848065,,
123,Genetic bank,24,F25-1697,CIAT-33079,Desmodium,oblongum,Desmodium oblongum,Fabaceae,Fabales,Shrub,A,47.09665479,45.96281247,
124,Genetic bank,24,F25-1697,CIAT-33079,Desmodium,oblongum,Desmodium oblongum,Fabaceae,Fabales,Shrub,B,44.82897014,,
125,Genetic bank,24,F25-1698,CIAT-33131,Codariocalyx,gyroides,Codariocalyx gyroides,Fabaceae,Fabales,Shrub,A,55.22776158,56.04829259,
126,Genetic bank,24,F25-1698,CIAT-33131,Codariocalyx,gyroides,Codariocalyx gyroides,Fabaceae,Fabales,Shrub,B,56.8688236,,
127,Genetic bank,24,F25-1699,CIAT-33195,Dalea,carthagenensis,Dalea carthagenensis,Fabaceae,Fabales,Herbaceous,A,44.21996024,43.57814362,
128,Genetic bank,24,F25-1699,CIAT-33195,Dalea,carthagenensis,Dalea carthagenensis,Fabaceae,Fabales,Herbaceous,B,42.936327,,
129,Genetic bank,24,F25-1700,CIAT-43055,Desmodium,discolor,Desmodium discolor,Fabaceae,Fabales,Herbaceous,A,41.98171086,43.07367301,
130,Genetic bank,24,F25-1700,CIAT-43055,Desmodium,discolor,Desmodium discolor,Fabaceae,Fabales,Herbaceous,B,44.16563516,,
131,LMF,24,F25-0017,Hohenheimer Heustandard,Hohenheimer,Heustandard,Hohenheimer Heustandard,0,0,0,A,,#DIV/0!,
132,LMF,24,F25-0017,Hohenheimer Heustandard,Hohenheimer,Heustandard,Hohenheimer Heustandard,0,0,0,B,,,
133,LMF,24,F25-0008,Sample 8,Cynodon,nlemfuensis ,Cynodon nlemfuensis ,0,0,0,A,,#DIV/0!,
134,LMF,24,F25-0008,Sample 8,Cynodon,nlemfuensis ,Cynodon nlemfuensis ,0,0,0,B,,,
135,Benchmark,25,F25-2136,CIAT_6962_Mombaza _Ex,Megathyrsus ,maximus,Megathyrsus maximus,Poaceae,Poales,grasses,A,69.12975235,68.7941444,
136,Benchmark,25,F25-2136,CIAT_6962_Mombaza _Ex,Megathyrsus ,maximus,Megathyrsus maximus,Poaceae,Poales,grasses,B,68.45853645,,
137,Benchmark,25,F25-2137,CIAT_606_Basilisk_Opt,Brachiaria,interespecifico,Brachiaria interespecifico,Poaceae,Poales,grasses,A,62.19319958,62.47008518,
138,Benchmark,25,F25-2137,CIAT_606_Basilisk_Opt,Brachiaria,interespecifico,Brachiaria interespecifico,Poaceae,Poales,grasses,B,62.74697079,,
139,Benchmark,25,F25-2138,CIAT_6294_Marandu_Opt,Brachiaria,interespecifico,Brachiaria interespecifico ,Poaceae,Poales,grasses,A,64.31258378,64.62485697,
140,Benchmark,25,F25-2138,CIAT_6294_Marandu_Opt,Brachiaria,interespecifico,Brachiaria interespecifico ,Poaceae,Poales,grasses,B,64.93713016,,
141,Benchmark,25,F25-2139,CIAT_36087_MulatoII_Opt,Brachiaria,interespecifico,Brachiaria interespecifico,Poaceae,Poales,grasses,A,58.62142309,59.22655141,
142,Benchmark,25,F25-2139,CIAT_36087_MulatoII_Opt,Brachiaria,interespecifico,Brachiaria interespecifico,Poaceae,Poales,grasses,B,59.83167972,,
143,Benchmark,25,F25-2140,CIAT_6133_Llanero _Opt,Brachiaria,humidicola,Brachiaria humidicola,Poaceae,Poales,grasses,A,64.02927966,64.12482081,
144,Benchmark,25,F25-2140,CIAT_6133_Llanero _Opt,Brachiaria,humidicola,Brachiaria humidicola,Poaceae,Poales,grasses,B,64.22036196,,
145,Benchmark,25,F25-2141,CIAT_6962_Mombaza _Opt,Megathyrsus ,maximus,Megathyrsus maximus ,Poaceae,Poales,grasses,A,64.95567797,65.42258686,
146,Benchmark,25,F25-2141,CIAT_6962_Mombaza _Opt,Megathyrsus ,maximus,Megathyrsus maximus ,Poaceae,Poales,grasses,B,65.88949575,,
147,Benchmark,25,F252566,Paja Sabana Madura,0,0,0,Poaceae,Poales,grasses,A,78.93818278,77.95737831,
148,Benchmark,25,F252566,Paja Sabana Madura,0,0,0,Poaceae,Poales,grasses,B,76.97657383,,
149,Benchmark,25,F252567,Humidicola 679,Urochloa,humidicola,Urochloa humidicola,Poaceae,Poales,grasses,A,80.94822765,81.88270004,
150,Benchmark,25,F252567,Humidicola 679,Urochloa,humidicola,Urochloa humidicola,Poaceae,Poales,grasses,B,82.81717242,,
151,Benchmark,25,F252568,Sabana Quemada,0,0,0,Poaceae,Poales,grasses,A,78.63735444,77.83093467,
152,Benchmark,25,F252568,Sabana Quemada,0,0,0,Poaceae,Poales,grasses,B,77.02451491,,
153,Genetic bank,25,F24-3548,ABC-2783-1,Stylosanthes,humilis,Stylosanthes humilis,Fabaceae,Fabales,Herbaceous,A,49.93660615,49.64805484,
154,Genetic bank,25,F24-3548,ABC-2783-1,Stylosanthes,humilis,Stylosanthes humilis,Fabaceae,Fabales,Herbaceous,B,49.35950353,,
155,Genetic bank,25,F24-3549,ABC-10440-1,Stylosanthes,humilis,Stylosanthes humilis,Fabaceae,Fabales,Herbaceous,A,52.05369224,51.77233393,
156,Genetic bank,25,F24-3549,ABC-10440-1,Stylosanthes,humilis,Stylosanthes humilis,Fabaceae,Fabales,Herbaceous,B,51.49097562,,
157,Genetic bank,25,F24-3550,ABC-10613-1,Stylosanthes,scabra,Stylosanthes scabra,Fabaceae,Fabales,Herbaceous,A,59.70617907,59.51261586,
158,Genetic bank,25,F24-3550,ABC-10613-1,Stylosanthes,scabra,Stylosanthes scabra,Fabaceae,Fabales,Herbaceous,B,59.31905266,,
159,Genetic bank,25,F24-3551,ABC-10627-1,Stylosanthes,scabra,Stylosanthes scabra,Fabaceae,Fabales,Herbaceous,A,58.35505896,57.4958606,
160,Genetic bank,25,F24-3551,ABC-10627-1,Stylosanthes,scabra,Stylosanthes scabra,Fabaceae,Fabales,Herbaceous,B,56.63666224,,
161,Genetic bank,25,F24-3552,ABC-10634-1,Stylosanthes,scabra,Stylosanthes scabra,Fabaceae,Fabales,Herbaceous,A,57.2811761,56.98831656,
162,Genetic bank,25,F24-3552,ABC-10634-1,Stylosanthes,scabra,Stylosanthes scabra,Fabaceae,Fabales,Herbaceous,B,56.69545701,,
163,Genetic bank,25,F24-3553,ABC-10639-1,Stylosanthes,scabra,Stylosanthes scabra,Fabaceae,Fabales,Herbaceous,A,54.97199008,53.93931167,
164,Genetic bank,25,F24-3553,ABC-10639-1,Stylosanthes,scabra,Stylosanthes scabra,Fabaceae,Fabales,Herbaceous,B,52.90663325,,
165,Genetic bank,25,F24-3554,ABC-10725-1,Stylosanthes,scabra,Stylosanthes scabra,Fabaceae,Fabales,Herbaceous,A,58.24573888,58.80649323,
166,Genetic bank,25,F24-3554,ABC-10725-1,Stylosanthes,scabra,Stylosanthes scabra,Fabaceae,Fabales,Herbaceous,B,59.36724757,,
167,Genetic bank,25,F24-3555,ABC-11199-1,Stylosanthes,hamata,Stylosanthes hamata,Fabaceae,Fabales,Herbaceous,A,57.1970024,58.27901371,
168,Genetic bank,25,F24-3555,ABC-11199-1,Stylosanthes,hamata,Stylosanthes hamata,Fabaceae,Fabales,Herbaceous,B,59.36102501,,
169,Genetic bank,25,F24-3556,ABC-11215-1,Stylosanthes,hamata,Stylosanthes hamata,Fabaceae,Fabales,Herbaceous,A,54.30137458,52.52701023,
170,Genetic bank,25,F24-3556,ABC-11215-1,Stylosanthes,hamata,Stylosanthes hamata,Fabaceae,Fabales,Herbaceous,B,50.75264587,,
171,Genetic bank,25,F24-3557,ABC-11220-1,Stylosanthes,hamata,Stylosanthes hamata,Fabaceae,Fabales,Herbaceous,A,55.61370624,56.95355568,
172,Genetic bank,25,F24-3557,ABC-11220-1,Stylosanthes,hamata,Stylosanthes hamata,Fabaceae,Fabales,Herbaceous,B,58.29340512,,
173,Genetic bank,25,F24-3558,ABC-11232-1,Stylosanthes,hamata,Stylosanthes hamata,Fabaceae,Fabales,Herbaceous,A,54.27373961,54.20360849,
174,Genetic bank,25,F24-3558,ABC-11232-1,Stylosanthes,hamata,Stylosanthes hamata,Fabaceae,Fabales,Herbaceous,B,54.13347738,,
175,Genetic bank,25,F24-3559,ABC-11313-1,Stylosanthes,guianensis,Stylosanthes guianensis,Fabaceae,Fabales,Herbaceous,A,55.72613235,55.96398381,
176,Genetic bank,25,F24-3559,ABC-11313-1,Stylosanthes,guianensis,Stylosanthes guianensis,Fabaceae,Fabales,Herbaceous,B,56.20183527,,
177,Genetic bank,25,F24-3560,ABC-11417-1,Stylosanthes,guianensis,Stylosanthes guianensis,Fabaceae,Fabales,Herbaceous,A,57.71167596,57.22621539,
178,Genetic bank,25,F24-3560,ABC-11417-1,Stylosanthes,guianensis,Stylosanthes guianensis,Fabaceae,Fabales,Herbaceous,B,56.74075483,,
179,Genetic bank,25,F24-3561,ABC-11624-1,Stylosanthes,humilis,Stylosanthes humilis,Fabaceae,Fabales,Herbaceous,A,56.3179606,54.88064863,
180,Genetic bank,25,F24-3561,ABC-11624-1,Stylosanthes,humilis,Stylosanthes humilis,Fabaceae,Fabales,Herbaceous,B,53.44333665,,
181,Genetic bank,25,F24-3562,ABC-11690-1,Stylosanthes,humilis,Stylosanthes humilis,Fabaceae,Fabales,Herbaceous,A,54.57110674,54.32808491,
182,Genetic bank,25,F24-3562,ABC-11690-1,Stylosanthes,humilis,Stylosanthes humilis,Fabaceae,Fabales,Herbaceous,B,54.08506308,,
183,Genetic bank,25,F24-3563,ABC-11762-1,Stylosanthes,hamata,Stylosanthes hamata,Fabaceae,Fabales,Herbaceous,A,57.93619465,58.72585915,
184,Genetic bank,25,F24-3563,ABC-11762-1,Stylosanthes,hamata,Stylosanthes hamata,Fabaceae,Fabales,Herbaceous,B,59.51552365,,
185,Genetic bank,25,F24-3564,ABC-11778-1,Stylosanthes,hamata,Stylosanthes hamata,Fabaceae,Fabales,Herbaceous,A,53.88886015,54.21235109,
186,Genetic bank,25,F24-3564,ABC-11778-1,Stylosanthes,hamata,Stylosanthes hamata,Fabaceae,Fabales,Herbaceous,B,54.53584203,,
187,Genetic bank,25,F24-3565,ABC-11784-1,Stylosanthes,hamata,Stylosanthes hamata,Fabaceae,Fabales,Herbaceous,A,58.07859794,59.39246008,
188,Genetic bank,25,F24-3565,ABC-11784-1,Stylosanthes,hamata,Stylosanthes hamata,Fabaceae,Fabales,Herbaceous,B,60.70632222,,
189,Genetic bank,25,F24-3566,ABC-11820-1,Stylosanthes,scabra,Stylosanthes scabra,Fabaceae,Fabales,Herbaceous,A,53.22390107,52.8942614,
190,Genetic bank,25,F24-3566,ABC-11820-1,Stylosanthes,scabra,Stylosanthes scabra,Fabaceae,Fabales,Herbaceous,B,52.56462172,,
191,Genetic bank,25,F24-3567,ABC-12042-1,Stylosanthes,humilis,Stylosanthes humilis,Fabaceae,Fabales,Herbaceous,A,53.88658337,53.81308682,
192,Genetic bank,25,F24-3567,ABC-12042-1,Stylosanthes,humilis,Stylosanthes humilis,Fabaceae,Fabales,Herbaceous,B,53.73959026,,
193,LMF-invivo,25,Dieta 1_Exp1,Dieta 1_Exp1,Dieta 1_Exp1,Dieta 1_Exp1,Dieta 1_Exp1,0,0,0,A,71.52,71.52,
194,LMF-invivo,25,Dieta 1_Exp1,Dieta 1_Exp1,Dieta 1_Exp1,Dieta 1_Exp1,Dieta 1_Exp1,0,0,0,B,71.52,,
195,LMF-invivo,25,Dieta 2_Exp1,Dieta 2_Exp1,Dieta 2_Exp1,Dieta 2_Exp1,Dieta 2_Exp1,0,0,0,A,67.86,67.86,
196,LMF-invivo,25,Dieta 2_Exp1,Dieta 2_Exp1,Dieta 2_Exp1,Dieta 2_Exp1,Dieta 2_Exp1,0,0,0,B,67.86,,
197,LMF,25,F25-0017,Hohenheimer Heustandard,0,0,Hohenheimer Heustandard,0,0,0,A,,#DIV/0!,
198,LMF,25,F25-0017,Hohenheimer Heustandard,0,0,Hohenheimer Heustandard,0,0,0,B,,,
199,LMF,25,F25-0008,Sample 8,Cynodon,nlemfuensis ,Cynodon nlemfuensis ,0,0,0,A,,#DIV/0!,
200,LMF,25,F25-0008,Sample 8,Cynodon,nlemfuensis ,Cynodon nlemfuensis ,0,0,0,B,,,
201,LMF,26,F25-0008,Sample 8,Cynodon, nlemfuensis ,Cynodon nlemfuensis ,0,0,0,A,,#DIV/0!,
202,LMF,26,F25-0008,Sample 8,Cynodon, nlemfuensis ,Cynodon nlemfuensis ,0,0,0,B,,,
203,Benchmark,26,F252624,CIAT_6294_Marandu_Exc,Urochloa, interespecifico,Urochloa interespecifico,Poaceae,Poales,grasses,A,63.58882866,63.39943472,
204,Benchmark,26,F252624,CIAT_6294_Marandu_Exc,Urochloa, interespecifico,Urochloa interespecifico,Poaceae,Poales,grasses,B,63.21004079,,
205,Benchmark,26,F252625,CIAT_36087_MulatoII_Exc,Urochloa, interespecifico,Urochloa interespecifico,Poaceae,Poales,grasses,A,63.44384941,62.99443398,
206,Benchmark,26,F252625,CIAT_36087_MulatoII_Exc,Urochloa, interespecifico,Urochloa interespecifico,Poaceae,Poales,grasses,B,62.54501855,,
207,Benchmark,26,F252626,CIAT_606_Basilisk_Exc,Urochloa, interespecifico,Urochloa interespecifico,Poaceae,Poales,grasses,A,66.15510635,65.32222998,
208,Benchmark,26,F252626,CIAT_606_Basilisk_Exc,Urochloa, interespecifico,Urochloa interespecifico,Poaceae,Poales,grasses,B,64.48935361,,
209,Benchmark,26,F252627,BR02_1752_Cayman_Exc,Urochloa, interespecifico,Urochloa interespecifico,Poaceae,Poales,grasses,A,59.67263734,59.76409327,
210,Benchmark,26,F252627,BR02_1752_Cayman_Exc,Urochloa, interespecifico,Urochloa interespecifico,Poaceae,Poales,grasses,B,59.85554921,,
211,Benchmark,26,F252628, BR06_423_Cayman_Exc,Urochloa, interespecifico,Urochloa interespecifico,Poaceae,Poales,grasses,A,61.75201956,61.5969139,R
212,Benchmark,26,F252628, BR06_423_Cayman_Exc,Urochloa, interespecifico,Urochloa interespecifico,Poaceae,Poales,grasses,B,61.44180824,,R
213,Breeding,26,F252629,CIAT 20692,Clitoria ,ternatea,Clitoria ternatea ,Fabaceae,Fabales,Herbáceas ,A,53.1292052,52.99283637,
214,Breeding,26,F252629,CIAT 20692,Clitoria ,ternatea,Clitoria ternatea ,Fabaceae,Fabales,Herbáceas ,B,52.85646753,,
215,Breeding,26,F252630,CIAT 20692,Clitoria ,ternatea,Clitoria ternatea ,Fabaceae,Fabales,Herbáceas ,A,49.84947921,49.63699347,
216,Breeding,26,F252630,CIAT 20692,Clitoria ,ternatea,Clitoria ternatea ,Fabaceae,Fabales,Herbáceas ,B,49.42450773,,
217,Breeding,26,F252631,CIAT 17768,Clitoria ,ternatea,Clitoria ternatea ,Fabaceae,Fabales,Herbáceas ,A,54.11248908,55.01149716,
218,Breeding,26,F252631,CIAT 17768,Clitoria ,ternatea,Clitoria ternatea ,Fabaceae,Fabales,Herbáceas ,B,55.91050524,,
219,Breeding,26,F252632,CIAT 17768,Clitoria ,ternatea,Clitoria ternatea ,Fabaceae,Fabales,Herbáceas ,A,48.79029556,47.70698998,
220,Breeding,26,F252632,CIAT 17768,Clitoria ,ternatea,Clitoria ternatea ,Fabaceae,Fabales,Herbáceas ,B,46.6236844,,
221,Breeding,26,F252633,CIAT 712,Clitoria ,ternatea,Clitoria ternatea ,Fabaceae,Fabales,Herbáceas ,A,52.38009466,52.45562349,
222,Breeding,26,F252633,CIAT 712,Clitoria ,ternatea,Clitoria ternatea ,Fabaceae,Fabales,Herbáceas ,B,52.53115232,,
223,Breeding,26,F252634,CIAT 712,Clitoria ,ternatea,Clitoria ternatea ,Fabaceae,Fabales,Herbáceas ,A,51.88354333,50.39099649,
224,Breeding,26,F252634,CIAT 712,Clitoria ,ternatea,Clitoria ternatea ,Fabaceae,Fabales,Herbáceas ,B,48.89844964,,
225,Breeding,26,F252635,CIAT 9432,Clitoria ,ternatea,Clitoria ternatea ,Fabaceae,Fabales,Herbáceas ,A,56.83156237,58.05173019,
226,Breeding,26,F252635,CIAT 9432,Clitoria ,ternatea,Clitoria ternatea ,Fabaceae,Fabales,Herbáceas ,B,59.271898,,
227,Breeding,26,F252636,CIAT 9432,Clitoria ,ternatea,Clitoria ternatea ,Fabaceae,Fabales,Herbáceas ,A,49.88292119,50.18459635,
228,Breeding,26,F252636,CIAT 9432,Clitoria ,ternatea,Clitoria ternatea ,Fabaceae,Fabales,Herbáceas ,B,50.48627152,,
229,Breeding,26,F25-2637,CIAT 17462,Leucaena ,leucocephala ,Leucaena leucocephala ,Leguminosae,Fabales,Arbustiva ,A,58.55672921,57.51440363,
230,Breeding,26,F25-2637,CIAT 17462,Leucaena ,leucocephala ,Leucaena leucocephala ,Leguminosae,Fabales,Arbustiva ,B,56.47207805,,
231,Breeding,26,F252638,N/A,Tithonia ,diversifolia ,Tithonia diversifolia,Compositae,Asterales,Arbustiva ,A,42.18083602,42.24462621,
232,Breeding,26,F252638,N/A,Tithonia ,diversifolia ,Tithonia diversifolia,Compositae,Asterales,Arbustiva ,B,42.3084164,,
233,Breeding,26,F252639,N/A,Gliricidia  ,sepium,Gliricidia sepium ,Fabaceae,Fabales,Arbustiva ,A,39.34867028,40.75942634,
234,Breeding,26,F252639,N/A,Gliricidia  ,sepium,Gliricidia sepium ,Fabaceae,Fabales,Arbustiva ,B,42.17018241,,
235,LMF,26,Dieta 1_2,Dieta 1_Exp2,Dieta 1_Exp2,Dieta 1_Exp2,Dieta 1_Exp2,0,0,0,A,,#DIV/0!,
236,LMF,26,Dieta 1_2,Dieta 1_Exp2,Dieta 1_Exp2,Dieta 1_Exp2,Dieta 1_Exp2,0,0,0,B,,,
237,LMF,26,Dieta 2_2,Dieta 2_Exp2,Dieta 2_Exp2,Dieta 2_Exp2,Dieta 2_Exp2,0,0,0,A,,#DIV/0!,
238,LMF,26,Dieta 2_2,Dieta 2_Exp2,Dieta 2_Exp2,Dieta 2_Exp2,Dieta 2_Exp2,0,0,0,B,,,
239,Genetic bank,26,F24-3568,ABC-12115-1,Stylosanthes humilis,Fabaceae,Fabales,Herbaceous,OT-033 (2024),#REF!,A,54.65835442,55.54869239,
240,Genetic bank,26,F24-3568,ABC-12115-1,Stylosanthes humilis,Fabaceae,Fabales,Herbaceous,OT-033 (2024),#REF!,B,56.43903036,,
241,Genetic bank,26,F24-3569,ABC-12140-1,Stylosanthes humilis,Fabaceae,Fabales,Herbaceous,OT-033 (2024),#REF!,A,53.46449684,54.15129619,
242,Genetic bank,26,F24-3569,ABC-12140-1,Stylosanthes humilis,Fabaceae,Fabales,Herbaceous,OT-033 (2024),#REF!,B,54.83809555,,
243,Genetic bank,26,F24-3570,ABC-12184-1,Stylosanthes humilis,Fabaceae,Fabales,Herbaceous,OT-033 (2024),#REF!,A,46.83641859,48.48595278,
244,Genetic bank,26,F24-3570,ABC-12184-1,Stylosanthes humilis,Fabaceae,Fabales,Herbaceous,OT-033 (2024),#REF!,B,50.13548697,,
245,Genetic bank,26,F24-3571,ABC-12202-1,Stylosanthes humilis,Fabaceae,Fabales,Herbaceous,OT-033 (2024),#REF!,A,47.97015418,48.05879332,
246,Genetic bank,26,F24-3571,ABC-12202-1,Stylosanthes humilis,Fabaceae,Fabales,Herbaceous,OT-033 (2024),#REF!,B,48.14743247,,
247,Genetic bank,26,F24-3572,ABC-12311-1,Stylosanthes guianensis,Fabaceae,Fabales,Herbaceous,OT-033 (2024),#REF!,A,52.67527835,53.68168372,
248,Genetic bank,26,F24-3572,ABC-12311-1,Stylosanthes guianensis,Fabaceae,Fabales,Herbaceous,OT-033 (2024),#REF!,B,54.6880891,,
249,Genetic bank,26,F24-3573,ABC-12381-1,Stylosanthes hamata,Fabaceae,Fabales,Herbaceous,OT-033 (2024),#REF!,A,56.60893353,56.8060671,
250,Genetic bank,26,F24-3573,ABC-12381-1,Stylosanthes hamata,Fabaceae,Fabales,Herbaceous,OT-033 (2024),#REF!,B,57.00320067,,
251,Genetic bank,26,F24-3574,ABC-12374-1,Stylosanthes hamata,Fabaceae,Fabales,Herbaceous,OT-033 (2024),#REF!,A,56.96825623,56.26443289,
252,Genetic bank,26,F24-3574,ABC-12374-1,Stylosanthes hamata,Fabaceae,Fabales,Herbaceous,OT-033 (2024),#REF!,B,55.56060956,,
253,Genetic bank,26,F24-3575,ABC-12457-1,Stylosanthes hamata,Fabaceae,Fabales,Herbaceous,OT-033 (2024),#REF!,A,57.25213931,55.42977173,
254,Genetic bank,26,F24-3575,ABC-12457-1,Stylosanthes hamata,Fabaceae,Fabales,Herbaceous,OT-033 (2024),#REF!,B,53.60740415,,
255,Genetic bank,26,F24-3576,ABC-12462-1,Stylosanthes hamata,Fabaceae,Fabales,Herbaceous,OT-033 (2024),#REF!,A,59.10634175,57.4468751,
256,Genetic bank,26,F24-3576,ABC-12462-1,Stylosanthes hamata,Fabaceae,Fabales,Herbaceous,OT-033 (2024),#REF!,B,55.78740844,,
257,Genetic bank,26,F24-3577,ABC-12485-1,Stylosanthes scabra,Fabaceae,Fabales,Herbaceous,OT-033 (2024),#REF!,A,56.53726026,55.78517656,
258,Genetic bank,26,F24-3577,ABC-12485-1,Stylosanthes scabra,Fabaceae,Fabales,Herbaceous,OT-033 (2024),#REF!,B,55.03309286,,
259,Genetic bank,26,F24-3578,ABC-12615-1,Stylosanthes guianensis,Fabaceae,Fabales,Herbaceous,OT-033 (2024),#REF!,A,54.7603639,53.46225478,
260,Genetic bank,26,F24-3578,ABC-12615-1,Stylosanthes guianensis,Fabaceae,Fabales,Herbaceous,OT-033 (2024),#REF!,B,52.16414567,,
261,Genetic bank,26,F24-3579,ABC-12686-1,Stylosanthes hamata,Fabaceae,Fabales,Herbaceous,OT-033 (2024),#REF!,A,47.42377574,48.94313966,
262,Genetic bank,26,F24-3579,ABC-12686-1,Stylosanthes hamata,Fabaceae,Fabales,Herbaceous,OT-033 (2024),#REF!,B,50.46250358,,
263,Genetic bank,26,F24-3580,ABC-12710-1,Stylosanthes scabra,Fabaceae,Fabales,Herbaceous,OT-033 (2024),#REF!,A,58.26437237,58.37526429,
264,Genetic bank,26,F24-3580,ABC-12710-1,Stylosanthes scabra,Fabaceae,Fabales,Herbaceous,OT-033 (2024),#REF!,B,58.4861562,,
265,Genetic bank,26,F24-3581,ABC-12758-1,Stylosanthes guianensis,Fabaceae,Fabales,Herbaceous,OT-033 (2024),#REF!,A,58.26469765,56.96677962,
266,Genetic bank,26,F24-3581,ABC-12758-1,Stylosanthes guianensis,Fabaceae,Fabales,Herbaceous,OT-033 (2024),#REF!,B,55.66886158,,
267,LMF,26,F25-2134,Hohenheimer Heustandard IAG 2025/1 S1,Hohenheimer Heustandard, Heustandard,Green meal ,0,OT-017,#REF!,A,,#DIV/0!,
268,LMF,26,F25-2134,Hohenheimer Heustandard IAG 2025/1 S1,Hohenheimer Heustandard, Heustandard,Green meal ,0,OT-017,#REF!,B,,,