10_sample_serial_no,10_date,10_requisitioner,10_set_ciat,10_ciat_lab_id,10_gene_bank_breeding_program_id,10_genus,10_species,10_tax_name,10_family,10_order,10_functional_group,10_remarks,10_id_lab
Sample serial No,"Date (M,D.Y)",Requisitioner,Set CIAT,CIAT Lab-ID,Gene bank /Breeding program ID,Genus,Species,Tax Name,Family,Order,Functional Group,Remarks,ID LAB
1,45572,Genetic bank,1,F24 3416,ABC-705-1,Indigofera,suffruticosa,Indigofera suffruticosa,Fabaceae,Fabales,Herbaceous,,"1,2,3"
2,45572,Genetic bank,1,F24 3417,ABC-707-1,Alysicarpus,ovalifolius,Alysicarpus ovalifolius,Fabaceae,Fabales,Herbaceous,,
3,45572,Genetic bank,1,F24 3418,ABC-712-1,Clitoria,ternatea,Clitoria ternatea,Fabaceae,Fabales,Climber,,
4,45572,Genetic bank,1,F24 3419,ABC-749-1,Crotalaria,juncea,Crotalaria juncea,Fabaceae,Fabales,Herbaceous,,
5,45572,Genetic bank,1,F24 3420,ABC-768-1,Clitoria,ternatea,Clitoria ternatea,Fabaceae,Fabales,Climber,,
6,45572,Genetic bank,1,F24 3421,ABC-772-1,Clitoria,ternatea,Clitoria ternatea,Fabaceae,Fabales,Climber,,
7,45572,Genetic bank,1,F24 3422,ABC-819-1,Indigofera,suffruticosa,Indigofera suffruticosa,Fabaceae,Fabales,Herbaceous,,
8,45572,Genetic bank,1,F24 3423,ABC-905-1,Canavalia,brasiliensis,Canavalia brasiliensis,Fabaceae,Fabales,Climber,,
9,45572,Genetic bank,1,F24 3424,ABC-913-1,Cajanus,cajan,Cajanus cajan,Fabaceae,Fabales,Shrub,,
10,45572,Genetic bank,1,F24 3425,ABC-955-1,Clitoria,ternatea,Clitoria ternatea,Fabaceae,Fabales,Climber,,
11,45572,LMF,1,F24 1047,LMF,Albizzia,saman,Albizzia saman,Fabaceae,Fabales,Tree,Ensayo interno,
12,45572,LMF,1,F24 1070,LMF,Gliricidia ,sepium,Gliricidia sepium,Fabaceae,Fabales,Tree,Ensayo interno,
13,45572,LMF,1,F24 1075,LMF,Leucaena, diversifolia,Leucaena diversifolia,Fabaceae,Fabales,Tree,Ensayo interno,
14,45572,LMF,1,F24 1084,LMF,Brachiaria ,decumbens,Brachiaria decumbens,Poaceae,Poales,Grass,Ensayo interno,
15,45572,LMF,1,F24 1095,LMF,Setaria ,sphacelata,Setaria sphacelata,Fabaceae,Fabales,Grass,Ensayo interno,
16,45572,Genetic bank,2,F24 3426,ABC-989-1,Indigofera,hirsuta,Indigofera hirsuta,Fabaceae,Fabales,Herbaceous,Eliminados,"4,5,6"
17,45572,Genetic bank,2,F24 3427,ABC-1257-1,Stylosanthes,scabra,Stylosanthes scabra,Fabaceae,Fabales,Herbaceous,Eliminados,
18,45572,Genetic bank,2,F24 3428,ABC-3240-1,Desmodium,cinereum,Desmodium cinereum,Fabaceae,Fabales,Herbaceous,Eliminados,
19,45572,Genetic bank,2,F24 3429,ABC-3522-1,Desmodium,incanum,Desmodium incanum,Fabaceae,Fabales,Herbaceous,Eliminados,
20,45572,Genetic bank,2,F24 3430,ABC-4134-1,Macroptilium,lathyroides,Macroptilium lathyroides,Fabaceae,Fabales,Climber,Eliminados,
21,45572,Genetic bank,2,F24 3431,ABC-4279-1,Vigna,umbellata,Vigna umbellata,Fabaceae,Fabales,Herbaceous,Eliminados,
22,45572,Genetic bank,2,F24 3432,ABC-5124-1,Centrosema,molle x acutifolium,Centrosema molle x acutifolium,Fabaceae,Fabales,Climber,Eliminados,
23,45572,Genetic bank,2,F24 3433,ABC-5234-1,Centrosema,brasilianum,Centrosema brasilianum,Fabaceae,Fabales,Climber,Eliminados,
24,45572,Genetic bank,2,F24 3434,ABC-7292-1,Chamaecrista,desvauxii,Chamaecrista desvauxii,Fabaceae,Fabales,Herbaceous,Eliminados,
25,45572,Genetic bank,2,F24 3435,ABC-7317-1,Canavalia,sp.,Canavalia sp.,Fabaceae,Fabales,Climber,Eliminados,
26,45572,Genetic bank,2,F24 3436,ABC-7322-1,Canavalia,sp.,Canavalia sp.,Fabaceae,Fabales,Climber,Eliminados,
27,45572,Genetic bank,2,F24 3437,ABC-7339-1,Indigofera,lespedezioides,Indigofera lespedezioides,Fabaceae,Fabales,Herbaceous,Eliminados,
28,45572,Genetic bank,2,F24 3438,ABC-7469-1,Clitoria,ternatea,Clitoria ternatea,Fabaceae,Fabales,Climber,Eliminados,
29,45572,Genetic bank,2,F24 3439,ABC-7643-1,Desmanthus,pernambucanus,Desmanthus pernambucanus,Fabaceae,Fabales,Shrub,Eliminados,
30,45572,Genetic bank,2,F24 3440,ABC-7703-1,Aeschynomene,indica,Aeschynomene indica,Fabaceae,Fabales,Herbaceous,Eliminados,
31,45572,Genetic bank,3,F24 3441,ABC-7714,Alysicarpus,glumaceus,Alysicarpus glumaceus,Fabaceae,Fabales,Herbaceous,,"7,8,9"
32,45572,Genetic bank,3,F24 3442,ABC-7757,Clitoria,ternatea,Clitoria ternatea,Fabaceae,Fabales,Climber,,
33,45572,Genetic bank,3,F24 3443,ABC-7759,Clitoria,ternatea,Clitoria ternatea,Fabaceae,Fabales,Climber,,
34,45572,Genetic bank,3,F24 3444,ABC-7790,Crotalaria,pallida,Crotalaria pallida,Fabaceae,Fabales,Herbaceous,,
35,45572,Genetic bank,3,F24 3445,ABC-7792,Chamaecrista,rotundifolia,Chamaecrista rotundifolia,Fabaceae,Fabales,Herbaceous,,
36,45572,Genetic bank,3,F24 3446,ABC-7816,Indigofera,spicata,Indigofera spicata,Fabaceae,Fabales,Herbaceous,,
37,45572,Genetic bank,3,F24 3447,ABC-7858,Crotalaria,incana,Crotalaria incana,Fabaceaee,Fabales,Herbaceous,,
38,45572,Genetic bank,3,F24 3448,ABC-7972,Canavalia,brasiliensis,Canavalia brasiliensis,Fabaceae,Fabales,Climber,,
39,45572,Genetic bank,3,F24 3449,ABC-8205,Indigofera,suffruticosa,Indigofera suffruticosa,Fabaceae,Fabales,Herbaceous,,
40,45572,Genetic bank,3,F24 3450,ABC-8402,Indigofera,suffruticosa,Indigofera suffruticosa,Fabaceae,Fabales,Herbaceous,,
41,45572,Genetic bank,3,F24 3451,ABC-8408,Chamaecrista,nictitans,Chamaecrista nictitans,Fabaceae,Fabales,Herbaceous,,
42,45572,Genetic bank,3,F24 3452,ABC-8409,Chamaecrista,nictitans,Chamaecrista nictitans,Fabaceae,Fabales,Herbaceous,,
43,45572,Genetic bank,3,F24 3453,ABC-8719,Canavalia,sp.,Canavalia sp. ,Fabaceae,Fabales,Climber,,
44,45572,Genetic bank,3,F24 3454,ABC-8797,Desmanthus,virgatus,Desmanthus virgatus,Fabaceae,Fabales,Shrub,,
45,45572,Genetic bank,3,F24 3455,ABC-8819,Coursetia,caribaea,Coursetia caribaea,Fabaceae,Fabales,Herbaceous,,
46,,Breeding,4,F24 3582,ABC-BR02_1752,Urochloa,interespecifico,Brachiaria interespecifico,Poaceae,Poales,Grass,F24 3548,"10, 11, 12"
47,,Breeding,4,F24 3583,ABC-BR02_1794,Urochloa,interespecifico,Brachiaria interespecifico,Poaceae,Poales,Grass,F24 3549,
48,,Breeding,4,F24 3584,ABC-BR06_0423,Urochloa,interespecifico,Brachiaria interespecifico,Poaceae,Poales,Grass,F24 3550,
49,,Breeding,4,F24 3585,ABC-BR09_1232,Urochloa,interespecifico,Brachiaria interespecifico,Poaceae,Poales,Grass,F24 3551,
50,,Breeding,4,F24 3586,ABC-BR12_4951,Urochloa,interespecifico,Brachiaria interespecifico,Poaceae,Poales,Grass,F24 3552,
51,,Breeding,4,F24 3587,ABC-BR15_0722,Urochloa,interespecifico,Brachiaria interespecifico,Poaceae,Poales,Grass,F24 3553,
52,,Breeding,4,F24 3588,ABC-BR15_6487,Urochloa,interespecifico,Brachiaria interespecifico,Poaceae,Poales,Grass,F24 3554,
53,,Breeding,4,F24 3589,ABC-BR19_0029,Urochloa,interespecifico,Brachiaria interespecifico,Poaceae,Poales,Grass,F24 3555,
54,,Breeding,4,F24 3590,ABC-BR19_0423,Urochloa,interespecifico,Brachiaria interespecifico,Poaceae,Poales,Grass,F24 3556,
55,,Breeding,4,F24 3591,ABC-CIAT_6962,Megathyrsus,maximus,Megathyrsus maximus,Poaceae,Poales,Grass,F24 3557,
56,,Breeding,4,F24 3592,ABC-Mulato_II,Urochloa,interespecifico,Brachiaria interespecifico,Poaceae,Poales,Grass,F24 3558,
57,,Breeding,4,F24 3593,ABC-PM21_0215,Megathyrsus,maximus,Megathyrsus maximus,Poaceae,Poales,Grass,F24 3559,
58,,Breeding,4,F24 3594,ABC-PM21_0631,Megathyrsus,maximus,Megathyrsus maximus,Poaceae,Poales,Grass,F24 3560,
59,,Breeding,4,F24 3595,ABC-PM21_2195,Megathyrsus,maximus,Megathyrsus maximus,Poaceae,Poales,Grass,F24 3561,
60,,Breeding,4,F24 3596,ABC-PM21_3522,Megathyrsus,maximus,Megathyrsus maximus,Poaceae,Poales,Grass,F24 3562,
61,,FAO,FAO,FAO,FAO,FAO,FAO,FAO,FAO,FAO,FAO,FAO,Ensayo
62,45718,Breeding,5,F24 3597,ABC-PM21_3534,Megathyrsus,maximus,Megathyrsus maximus,Poaceae,Poales,Grass,F24 3563,"1,2.3"
63,45718,Breeding,5,F24 3598,ABC-PM21_3537,Megathyrsus,maximus,Megathyrsus maximus,Poaceae,Poales,Grass,F24 3564,
64,45718,Breeding,5,F24 3599,ABC-PM21_3545,Megathyrsus,maximus,Megathyrsus maximus,Poaceae,Poales,Grass,F24 3565,
65,45718,Breeding,5,F24 3600,ABC-PM21_3670,Megathyrsus,maximus,Megathyrsus maximus,Poaceae,Poales,Grass,F24 3566,
66,45718,Breeding,5,F24 3601,ABC-PM21_6628,Megathyrsus,maximus,Megathyrsus maximus,Poaceae,Poales,Grass,F24 3567,
67,45718,Breeding,5,F24 3602,ABC-BH08_1149,Urochloa,humidicola,Brachiaria humidicola,Poaceae,Poales,Grass,F24 3568,
68,45718,Breeding,5,F24 3603,ABC-BH16_0550,Urochloa,humidicola,Brachiaria humidicola,Poaceae,Poales,Grass,F24 3569,
69,45718,Breeding,5,F24 3604,ABC-BH16_0562,Urochloa,humidicola,Brachiaria humidicola,Poaceae,Poales,Grass,F24 3570,
70,45718,Breeding,5,F24 3605,ABC-BH16_3249,Urochloa,humidicola,Brachiaria humidicola,Poaceae,Poales,Grass,F24 3571,
71,45718,Breeding,5,F24 3606,ABC-BH16B_0733,Urochloa,humidicola,Brachiaria humidicola,Poaceae,Poales,Grass,F24 3572,
72,45718,Breeding,5,F24 3607,ABC-BH16B_0741,Urochloa,humidicola,Brachiaria humidicola,Poaceae,Poales,Grass,F24 3573,
73,45718,Breeding,5,F24 3608,ABC-BH16B_1194,Urochloa,humidicola,Brachiaria humidicola,Poaceae,Poales,Grass,F24 3574,
74,45718,Breeding,5,F24 3609,ABC-BH16B_1618,Urochloa,humidicola,Brachiaria humidicola,Poaceae,Poales,Grass,F24 3575,
75,45718,Breeding,5,F24 3610,ABC-BH16B_1707,Urochloa,humidicola,Brachiaria humidicola,Poaceae,Poales,Grass,F24 3576,
76,45718,Breeding,5,F24 3611,ABC-CIAT_16888,Urochloa,humidicola,Brachiaria humidicola,Poaceae,Poales,Grass,F24 3577,
77,45718,Genetic bank,5,F24 3426,ABC-989-1,Indigofera,hirsuta,Indigofera hirsuta,Fabaceae,Fabales,Legume,Reproceso OT-033,
78,45718,Genetic bank,5,F24 3427,ABC-1257-1,Stylosanthes,scabra,Stylosanthes scabra,Fabaceae,Fabales,Legume,Reproceso OT-033,
79,45718,Genetic bank,5,F24 3428,ABC-3240-1,Desmodium,cinereum,Desmodium cinereum,Fabaceae,Fabales,Browse,Reproceso OT-033,
80,45718,Genetic bank,5,F24 3429,ABC-3522-1,Desmodium,incanum,Desmodium incanum,Fabaceae,Fabales,Legume,Reproceso OT-033,
81,45718,Genetic bank,5,F24 3430,ABC-4134-1,Macroptilium,lathyroides,Macroptilium lathyroides,Fabaceae,Fabales,Climber,Reproceso OT-033,
82,45718,Genetic bank,5,F24 3431,ABC-4279-1,Vigna,umbellata,Vigna umbellata,Fabaceae,Fabales,Climber,Reproceso OT-033,
83,45719,Genetic bank,5,F24 3432,ABC-5124-1,Centrosema,molle x acutifolium,Centrosema molle x acutifolium,Fabaceae,Fabales,Climber,Reproceso OT-033,
84,45720,Genetic bank,5,F24 3433,ABC-5234-1,Centrosema,brasilianum,Centrosema brasilianum,Fabaceae,Fabales,Climber,Reproceso OT-033,
85,45721,Genetic bank,5,F24 3434,ABC-7292-1,Chamaecrista,desvauxii,Chamaecrista desvauxii,Fabaceae,Fabales,Legume,Reproceso OT-033,
86,45722,Genetic bank,5,F24 3435,ABC-7317-1,Canavalia,sp.,Canavalia sp.,Fabaceae,Fabales,Climber,Reproceso OT-033,
87,45723,Genetic bank,5,F24 3436,ABC-7322-1,Canavalia,sp.,Canavalia sp.,Fabaceae,Fabales,Climber,Reproceso OT-033,
88,45724,Genetic bank,5,F24 3437,ABC-7339-1,Indigofera,lespedezioides,Indigofera lespedezioides,Fabaceae,Fabales,Legume,Reproceso OT-033,
89,45725,Genetic bank,5,F24 3438,ABC-7469-1,Clitoria,ternatea,Clitoria ternatea,Fabaceae,Fabales,Climber,Reproceso OT-033,
90,45726,Genetic bank,5,F24 3439,ABC-7643-1,Desmanthus,pernambucanus,Desmanthus pernambucanus,Fabaceae,Fabales,Browse,Reproceso OT-033,
91,45727,Genetic bank,5,F24 3440,ABC-7703-1,Aeschynomene,indica,Aeschynomene indica,Fabaceae,Fabales,Legume,Reproceso OT-033,
92,45728,LMF,5,F25 0017,Hohenheimer Heustandard,Hohenheimer, Heustandard,Hohenheimer Heustandard,Forage,Forage,Forage,Standar,
93,45729,LMF,5,F25 0018,Homenheim Concentrate,Homenheim, Concentrate,Homenheim Concentrate,Concentrate,Concentrate,Concentrate,Standar,
94,45730,LMF,5,F25 0019,Sample 8,Cynodon, nlemfuensis ,Cynodon nlemfuensis ,Poaceae,Poales,Grasses,Standar,
95,"17/02/25, Mon",Genetic bank,6,F24 3441,ABC-7714-1,Alysicarpus,glumaceus,Alysicarpus glumaceus,Fabaceae,Fabales,Herbaceous,,"4,5,6"
96,"17/02/25, Mon",Genetic bank,6,F24 3442,ABC-7757-1,Clitoria,ternatea,Clitoria ternatea,Fabaceae,Fabales,Climber,,sin 4
97,"17/02/25, Mon",Genetic bank,6,F24 3443,ABC-7759-1,Clitoria,ternatea,Clitoria ternatea,Fabaceae,Fabales,Climber,,
98,"17/02/25, Mon",Genetic bank,6,F24 3444,ABC-7790-1,Crotalaria,pallida,Crotalaria pallida,Fabaceae,Fabales,Herbaceous,,
99,"17/02/25, Mon",Genetic bank,6,F24 3445,ABC-7792-1,Chamaecrista,rotundifolia,Chamaecrista rotundifolia,Fabaceae,Fabales,Herbaceous,,
100,"17/02/25, Mon",Genetic bank,6,F24 3446,ABC-7816-1,Indigofera,spicata,Indigofera spicata,Fabaceae,Fabales,Herbaceous,,
101,"17/02/25, Mon",Genetic bank,6,F24 3447,ABC-7858-1,Crotalaria,incana,Crotalaria incana,Fabaceaee,Fabales,Herbaceous,,
102,"17/02/25, Mon",Genetic bank,6,F24 3448,ABC-7972-1,Canavalia,brasiliensis,Canavalia brasiliensis,Fabaceae,Fabales,Climber,,
103,"17/02/25, Mon",Genetic bank,6,F24 3449,ABC-8205-1,Indigofera,suffruticosa,Indigofera suffruticosa,Fabaceae,Fabales,Herbaceous,,
104,"17/02/25, Mon",Genetic bank,6,F24 3450,ABC-8402-1,Indigofera,suffruticosa,Indigofera suffruticosa,Fabaceae,Fabales,Herbaceous,,
105,"17/02/25, Mon",Genetic bank,6,F24 3451,ABC-8408-1,Chamaecrista,nictitans,Chamaecrista nictitans,Fabaceae,Fabales,Herbaceous,,
106,"17/02/25, Mon",Genetic bank,6,F24 3452,ABC-8409-1,Chamaecrista,nictitans,Chamaecrista nictitans,Fabaceae,Fabales,Herbaceous,,
107,"17/02/25, Mon",Genetic bank,6,F24 3453,ABC-8719-1,Canavalia,sp.,Canavalia sp.,Fabaceae,Fabales,Climber,,
108,"17/02/25, Mon",Genetic bank,6,F24 3454,ABC-8797-1,Desmanthus,virgatus,Desmanthus virgatus,Fabaceae,Fabales,Shrub,,
109,"17/02/25, Mon",Genetic bank,6,F24 3455,ABC-8819-1,Coursetia,caribaea,Coursetia caribaea,Fabaceae,Fabales,Herbaceous,,
110,"17/02/25, Mon",Genetic bank,6,F24 3456,ABC-9170-1,Indigofera,lespedezioides,Indigofera lespedezioides,Fabaceae,Fabales,Herbaceous,,
111,"17/02/25, Mon",Genetic bank,6,F24 3457,ABC-9254-1,Crotalaria,pallida,Crotalaria pallida,Fabaceae,Fabales,Herbaceous,,
112,"17/02/25, Mon",Genetic bank,6,F24 3458,ABC-9283-1,Crotalaria,pallida,Crotalaria pallida,Fabaceae,Fabales,Herbaceous,,
113,"17/02/25, Mon",Genetic bank,6,F24 3459,ABC-9288-1,Indigofera,suffruticosa,Indigofera suffruticosa,Fabaceae,Fabales,Herbaceous,,
114,"17/02/25, Mon",Genetic bank,6,F24 3460,ABC-9336-1,Clitoria,ternatea,Clitoria ternatea,Fabaceae,Fabales,Climber,,
115,"17/02/25, Mon",Genetic bank,6,F24 3461,ABC-9349-1,Mucuna,pruriens,Mucuna pruriens,Fabaceae,Fabales,Climber,,
116,"17/02/25, Mon",Genetic bank,6,F24 3462,ABC-9356-1,Tephrosia,noctiflora,Tephrosia noctiflora,Fabaceae,Fabales,Shrub,,
117,"17/02/25, Mon",Genetic bank,6,F24 3463,ABC-9432-1,Clitoria,ternatea,Clitoria ternatea,Fabaceae,Fabales,Climber,,
118,"17/02/25, Mon",Genetic bank,6,F24 3464,ABC-9433-1,Clitoria,ternatea,Clitoria ternatea,Fabaceae,Fabales,Climber,,
119,"17/02/25, Mon",Genetic bank,6,F24 3465,ABC-9435-1,Desmanthus,pubescens,Desmanthus pubescens,Fabaceae,Fabales,Shrub,,
120,"17/02/25, Mon",Genetic bank,6,F24 3466,ABC-9530-1,Crotalaria,maypurensis,Crotalaria maypurensis,Fabaceae,Fabales,Herbaceous,,
121,"17/02/25, Mon",Genetic bank,6,F24 3467,ABC-9562-1,Eriosema,diffusum,Eriosema diffusum,Fabaceae,Fabales,Herbaceous,,
122,"17/02/25, Mon",Genetic bank,6,F24 3468,ABC-9982-1,Crotalaria,incana,Crotalaria incana,Fabaceae,Fabales,Herbaceous,,
123,"17/02/25, Mon",Genetic bank,6,F24 3469,ABC-10647-1,Stylosanthes,scabra,Stylosanthes scabra,Fabaceae,Fabales,Herbaceous,,
124,"17/02/25, Mon",Genetic bank,6,F24 3470,ABC-11194-1,Stylosanthes,hamata,Stylosanthes hamata,Fabaceae,Fabales,Herbaceous,,
125,"17/02/25, Mon",LMF,6,F25 0017,Hohenheimer Heustandard,Hohenheimer, Heustandard,Hohenheimer Heustandard,Forage,Forage,Forage,Standar,
126,"17/02/25, Mon",LMF,6,F25 0018,Homenheim Concentrate,Homenheim, Concentrate,Homenheim Concentrate,Concentrate,Concentrate,Concentrate,Standar,
127,"17/02/25, Mon",LMF,6,F25 0019,Sample 8,Cynodon, nlemfuensis ,Cynodon nlemfuensis ,Poaceae,Poales,Grasses,Standar,
128,45714,Genetic bank,7,F24 3471,ABC-11999-1,Stylosanthes,guianensis,Stylosanthes guianensis,Fabaceae,Fabales,Herbaceous,,"7,8,9"
129,45714,Genetic bank,7,F24 3472,ABC-12318-1,Stylosanthes,hamata,Stylosanthes hamata,Fabaceae,Fabales,Herbaceous,,
130,45714,Genetic bank,7,F24 3473,ABC-13575-1,Desmodium,incanum,Desmodium incanum,Fabaceae,Fabales,Herbaceous,,
131,45714,Genetic bank,7,F24 3474,ABC-13609-1,Desmodium,incanum,Desmodium incanum,Fabaceae,Fabales,Herbaceous,,
132,45714,Genetic bank,7,F24 3475,ABC-15551-1,Centrosema,molle,Centrosema molle,Fabaceae,Fabales,Climber,,
133,45714,Genetic bank,7,F24 3476,ABC-17024-1,Desmanthus,pernambucanus,Desmanthus pernambucanus,Fabaceae,Fabales,Shrub,,
134,45714,Genetic bank,7,F24 3477,ABC-17091-1,Crotalaria,micans,Crotalaria micans,Fabaceae,Fabales,Herbaceous,,
135,45714,Genetic bank,7,F24 3478,ABC-17365-1,Clitoria,ternatea,Clitoria ternatea,Fabaceae,Fabales,Climber,,
136,45714,Genetic bank,7,F24 3479,ABC-17451-1,Canavalia,sp.,Canavalia sp.,Fabaceae,Fabales,Climber,,
137,45714,Genetic bank,7,F24 3480,ABC-17775-1,Christia,obcordata,Christia obcordata,Fabaceae,Fabales,Herbaceous,,
138,45714,Genetic bank,7,F24 3481,ABC-18016-1,Sesbania,emerus,Sesbania emerus,Fabaceae,Fabales,Shrub,,
139,45714,Genetic bank,7,F24 3482,ABC-18044-1,Christia,sp.,Christia sp.,Fabaceae,Fabales,Climber,,
140,45714,Genetic bank,7,F24 3483,ABC-18288-1,Sesbania,exasperata,Sesbania exasperata,Fabaceae,Fabales,Shrub,,
141,45714,Genetic bank,7,F24 3484,ABC-18447-1,Clitoria,ternatea,Clitoria ternatea,Fabaceae,Fabales,Climber,,
142,45714,Genetic bank,7,F24 3485,ABC-18455-1,Christia,obcordata,Christia obcordata,Fabaceae,Fabales,Climber,,
143,45714,Genetic bank,7,F24 3486,ABC-18707-1,Crotalaria,pallida,Crotalaria pallida,Fabaceae,Fabales,Herbaceous,,
144,45714,Genetic bank,7,F24 3487,ABC-18749-1,Arachis,pintoi,Arachis pintoi,Fabaceae,Fabales,Herbaceous,,
145,45714,Genetic bank,7,F24 3488,ABC-18813-1,Crotalaria,nitens,Crotalaria nitens,Fabaceae,Fabales,Herbaceous,,
146,45714,Genetic bank,7,F24 3489,ABC-18848-1,Alysicarpus,rugosus,Alysicarpus rugosus,Fabaceae,Fabales,Herbaceous,,
147,45714,Genetic bank,7,F24 3490,ABC-18862-1,Alysicarpus,rugosus,Alysicarpus rugosus,Fabaceae,Fabales,Herbaceous,,
148,45714,Genetic bank,7,F24 3491,ABC-18931-1,Tephrosia,linearis,Tephrosia linearis,Fabaceae,Fabales,Shrub,,
149,45714,Genetic bank,7,F24 3492,ABC-19038-1,Canavalia,sp.,Canavalia sp.,Fabaceae,Fabales,Shrub,,
150,45714,Genetic bank,7,F24 3493,ABC-19118-1,Alysicarpus,rugosus,Alysicarpus rugosus,Fabaceae,Fabales,Climber,,
151,45714,Genetic bank,7,F24 3494,ABC-19127-1,Alysicarpus,rugosus,Alysicarpus rugosus,Fabaceae,Fabales,Herbaceous,,
152,45714,Genetic bank,7,F24 3495,ABC-19128-1,Alysicarpus,rugosus,Alysicarpus rugosus,Fabaceae,Fabales,Herbaceous,,
153,45714,Genetic bank,7,F24 3496,ABC-19129-1,Alysicarpus,rugosus,Alysicarpus rugosus,Fabaceae,Fabales,Herbaceous,,
154,45714,Genetic bank,7,F24 3497,ABC-19133-1,Alysicarpus,rugosus,Alysicarpus rugosus,Fabaceae,Fabales,Herbaceous,,
155,45714,Genetic bank,7,F24 3498,ABC-19137-1,Alysicarpus,rugosus,Alysicarpus rugosus,Fabaceae,Fabales,Herbaceous,,
156,45714,Genetic bank,7,F24 3499,ABC-19138-1,Alysicarpus,rugosus,Alysicarpus rugosus,Fabaceae,Fabales,Herbaceous,,
157,45714,Genetic bank,7,F24 3500,ABC-19139-1,Alysicarpus,ovalifolius,Alysicarpus ovalifolius,Fabaceae,Fabales,Herbaceous,,
158,45714,LMF,7,F25 0017,Hohenheimer Heustandard,Hohenheimer, Heustandard,Hohenheimer Heustandard,Fabaceae,Fabales,Herbaceous,Standar,
159,45714,LMF,7,F25 0018,Homenheim Concentrate,Homenheim, Concentrate,Homenheim Concentrate,Concentrate,Concentrate,Concentrate,Standar,
160,45714,LMF,7,F25 0019,Sample 8,Cynodon, nlemfuensis ,Cynodon nlemfuensis ,Poaceae,Poales,Grasses,Standar,
161,"10/03/25, Mon",LMF,8,F25 0772,ICARDA 165563,Trifolium ,pratense,Trifolium pratense,Fabaceae,Fabales,Legume,Piloto,10
162,"10/03/25, Mon",LMF,8,F25 0783,ICARDA J8,Daucus ,carota,Daucus carota,Fabaceae,Fabales,Herbaceous,Piloto,
163,"10/03/25, Mon",LMF,8,F25 0784,ICARDA J9,Fumaria , bracteosa,Fumaria bracteosa,Fabaceae,Fabales,Herbaceous,Piloto,
164,"10/03/25, Mon",LMF,8,F25 0788,ICARDA J13,Cichorium ,pumilum,Cichorium pumilum,Fabaceae,Fabales,Herbaceous,Piloto,
165,"10/03/25, Mon",LMF,8,F25 0813,ICARDA T216003,Rhus ,tripartita (Ucria) Grande,Rhus tripartita (Ucria) Grande,Fabaceae,Fabales,Shrub,Piloto,
166,"10/03/25, Mon",LMF,8,F25 0820,ICARDA T216010,Retama ,raetam (Forssk.) Webb.,Retama raetam (Forssk.) Webb.,Fabaceae,Fabales,Shrub,Piloto,
167,"10/03/25, Mon",LMF,8,F25 0823,ILRI 6529 2 119707,Labalab , purpureues,Labalab purpureues,Fabaceae,Fabales,Legume,Piloto,
168,"10/03/25, Mon",LMF,8,F25 0824,ILRI 10925 3 119708,Arachis , glabrata,Arachis glabrata,Fabaceae,Fabales,Legume,Piloto,
169,"10/03/25, Mon",LMF,8,F25 0825,ILRI 6984 4 119709,Medicago ,sativa,Medicago sativa,Fabaceae,Fabales,Legume,Piloto,
170,"10/03/25, Mon",LMF,8,F25 0837,ILRI 10920 16 119721,Arachis , pintoi,Arachis pintoi,Fabaceae,Fabales,Legume,Piloto,
171,"10/03/25, Mon",LMF,8,F25 0839,ILRI 7049 18 119723,Trifolium repens, repens,Trifolium repens,Fabaceae,Fabales,Legume,Piloto,
172,"10/03/25, Mon",LMF,8,F25 0873,ILRI 7384 52 120169,Chloris gayana, gayana,Chloris gayana,Poaceae,Poales,Grass,Piloto,
173,"10/03/25, Mon",LMF,8,F25 0904,CIAT ABC 22752 1,Labalab , purpureues,Labalab purpureues,Fabaceae,Fabales,Legume,Piloto,
174,"10/03/25, Mon",LMF,8,F25 0913,CIAT ABC 1853 1,Stylosanthes , guianensis,Stylosanthes guianensis,Fabaceae,Fabales,Herbaceous,Piloto,
175,"10/03/25, Mon",LMF,8,F25 0914,CIAT ABC 10625 1,Stylosanthes, scabra,Stylosanthes scabra,Fabaceae,Fabales,Herbaceous,Piloto,
176,"10/03/25, Mon",LMF,8,F25 0926,CIAT ABC 6818 1,Panicum , maximum,Panicum maximum,Poaceae,Poales,Grass,Piloto,
177,"10/03/25, Mon",LMF,8,F25 0845,ILRI 21682 24 119729,Leucaena, pallida,Leucaena pallida,Fabaceae,Fabales,Tree,Piloto,
178,"10/03/25, Mon",LMF,8,F25 0848,ILRI 2273 27 119732,Trifolium ,burchellianum,Trifolium burchellianum,Fabaceae,Fabales,Herbaceous,Piloto,
179,"10/03/25, Mon",LMF,8,F25 0861,ILRI 14539 40 119745,Centrosema , virginianum,Centrosema virginianum,Fabaceae,Fabales,Legume,Piloto,
180,"10/03/25, Mon",LMF,8,F25 0868,ILRI 70 47 120164,Leucaena,leucocephala,Leucaena leucocephala,Fabaceae,Fabales,Tree,Piloto,
181,"10/03/25, Mon",LMF,8,F25 0908,CIAT ABC 22192 1,Leucaena ,diversifolia,Leucaena diversifolia,Fabaceae,Fabales,Tree,Piloto,
182,"10/03/25, Mon",LMF,8,F25 0017,Hohenheimer Heustandard,Hohenheimer, Heustandard,Hohenheimer Heustandard,Forage,Forage,Forage,Standar,
183,"10/03/25, Mon",LMF,8,F25 0018,Homenheim Concentrate,Homenheim, Concentrate,Homenheim Concentrate,Concentrate,Concentrate,Concentrate,Standar,
184,"10/03/25, Mon",LMF,8,F25 0019,Sample 8,Cynodon, nlemfuensis ,Cynodon nlemfuensis ,Poaceae,Poales,Grasses,Standar,
185,"12/03/25, Wed",Breeding,9,F25 0990,ABC-PM21_0053,Megathyrsus ,maximus,Megathyrsus maximus,Poaceae,Poales,Grass,,"11,12,13"
186,"12/03/25, Wed",Breeding,9,F25 0991,ABC-PM21_3550,Megathyrsus ,maximus,Megathyrsus maximus,Poaceae,Poales,Grass,,T06
187,"12/03/25, Wed",Breeding,9,F25 0992,ABC-PM21_3595,Megathyrsus ,maximus,Megathyrsus maximus,Poaceae,Poales,Grass,,
188,"12/03/25, Wed",Breeding,9,F25 0993,ABC-PM21_0086,Megathyrsus ,maximus,Megathyrsus maximus,Poaceae,Poales,Grass,,
189,"12/03/25, Wed",Breeding,9,F25 0994,ABC-CIAT_16048,Megathyrsus ,maximus,Megathyrsus maximus,Poaceae,Poales,Grass,,
190,"12/03/25, Wed",Breeding,9,F25 0995,ABC-PM21_0185,Megathyrsus ,maximus,Megathyrsus maximus,Poaceae,Poales,Grass,,
191,"12/03/25, Wed",Breeding,9,F25 0996,ABC-PM21_0215,Megathyrsus ,maximus,Megathyrsus maximus,Poaceae,Poales,Grass,,
192,"12/03/25, Wed",Breeding,9,F25 0997,ABC-CIAT_16051,Megathyrsus ,maximus,Megathyrsus maximus,Poaceae,Poales,Grass,,
193,"12/03/25, Wed",Breeding,9,F25 0998,ABC-PM21_6080,Megathyrsus ,maximus,Megathyrsus maximus,Poaceae,Poales,Grass,,
194,"12/03/25, Wed",Breeding,9,F25 0999,ABC-PM21_3684,Megathyrsus ,maximus,Megathyrsus maximus,Poaceae,Poales,Grass,,
195,"12/03/25, Wed",Breeding,9,F25 1000,ABC-PM21_0076,Megathyrsus ,maximus,Megathyrsus maximus,Poaceae,Poales,Grass,,
196,"12/03/25, Wed",Breeding,9,F25 1001,ABC-CIAT_6890,Megathyrsus ,maximus,Megathyrsus maximus,Poaceae,Poales,Grass,,
197,"12/03/25, Wed",Breeding,9,F25 1002,ABC-PM21_6638,Megathyrsus ,maximus,Megathyrsus maximus,Poaceae,Poales,Grass,,
198,"12/03/25, Wed",Breeding,9,F25 1003,ABC-PM21_0052,Megathyrsus ,maximus,Megathyrsus maximus,Poaceae,Poales,Grass,,
199,"12/03/25, Wed",Breeding,9,F25 1004,ABC-PM21_4449,Megathyrsus ,maximus,Megathyrsus maximus,Poaceae,Poales,Grass,,
200,"12/03/25, Wed",Breeding,9,F25 1005,ABC-CIAT_6799,Megathyrsus ,maximus,Megathyrsus maximus,Poaceae,Poales,Grass,,
201,"12/03/25, Wed",Breeding,9,F25 1006,ABC-PM21_0055,Megathyrsus ,maximus,Megathyrsus maximus,Poaceae,Poales,Grass,,
202,"12/03/25, Wed",Breeding,9,F25 1007,ABC-PM21_6529,Megathyrsus ,maximus,Megathyrsus maximus,Poaceae,Poales,Grass,,
203,"12/03/25, Wed",Breeding,9,F25 1008,ABC-PM21_0047,Megathyrsus ,maximus,Megathyrsus maximus,Poaceae,Poales,Grass,,
204,"12/03/25, Wed",Breeding,9,F25 1009,ABC-PM21_2195,Megathyrsus ,maximus,Megathyrsus maximus,Poaceae,Poales,Grass,,
205,"12/03/25, Wed",Breeding,9,F25 1010,ABC-PM21_2627,Megathyrsus ,maximus,Megathyrsus maximus,Poaceae,Poales,Grass,,
206,"12/03/25, Wed",Breeding,9,F25 1011,ABC-PM21_0059,Megathyrsus ,maximus,Megathyrsus maximus,Poaceae,Poales,Grass,,
207,"12/03/25, Wed",Breeding,9,F25 1012,ABC-PM21_3522,Megathyrsus ,maximus,Megathyrsus maximus,Poaceae,Poales,Grass,,
208,"12/03/25, Wed",Breeding,9,F25 1013,ABC-PM21_0062,Megathyrsus ,maximus,Megathyrsus maximus,Poaceae,Poales,Grass,,
209,"12/03/25, Wed",Breeding,9,F25 1014,ABC-PM21_0906,Megathyrsus ,maximus,Megathyrsus maximus,Poaceae,Poales,Grass,,
210,"12/03/25, Wed",Genetic bank,9,F24 3501,ABC-19213-1,Clitoria,ternatea,Clitoria ternatea,Fabaceae,Fabales,Climber,,
211,"12/03/25, Wed",Genetic bank,9,F24 3502,ABC-19421-1,Uraria,lagopodioides,Uraria lagopodioides,Fabaceae,Fabales,Herbaceous,,
212,"12/03/25, Wed",Genetic bank,9,F24 3503,ABC-19566-1,Tephrosia,noctiflora,Tephrosia noctiflora,Fabaceae,Fabales,Shrub,,
213,"12/03/25, Wed",Genetic bank,9,F24 3504,ABC-19667-1,Indigofera,hirsuta,Indigofera hirsuta,Fabaceae,Fabales,Herbaceous,,
214,"12/03/25, Wed",Genetic bank,9,F24 3505,ABC-19673-1,Alysicarpus,rugosus,Alysicarpus rugosus,Fabaceae,Fabales,Herbaceous,,
215,"12/03/25, Wed",LMF,9,F25 0017,Hohenheimer Heustandard,Hohenheimer, Heustandard,Hohenheimer Heustandard,Forage,Forage,Forage,Standar,
216,"12/03/25, Wed",LMF,9,F25 0018,Homenheim Concentrate,Homenheim, Concentrate,Homenheim Concentrate,Concentrate,Concentrate,Concentrate,Standar,
217,"12/03/25, Wed",LMF,9,F25 0019,Sample 8,Cynodon, nlemfuensis ,Cynodon nlemfuensis ,Poaceae,Poales,Grasses,Standar,
218,45749,Genetic bank,10,F24-3506,ABC-19895-1,Aeschynomene ,americana,Aeschynomene americana,Fabaceae,Fabales,Herbaceous,,OT-033
219,45749,Genetic bank,10,F24-3507,ABC-20093-1,Canavalia ,sp.,Canavalia sp.,Fabaceae,Fabales,Climber,,OT-033
220,45749,Genetic bank,10,F24-3508,ABC-20113-1,Canavalia ,sp.,Canavalia sp.,Fabaceae,Fabales,Climber,,OT-033
221,45749,Genetic bank,10,F24-3509,ABC-20125-1,Coursetia ,caribaea,Coursetia caribaea,Fabaceae,Fabales,Herbaceous,,OT-033
222,45749,Genetic bank,10,F24-3510,ABC-20298-1,Canavalia ,sp.,Canavalia sp.,Fabaceae,Fabales,Climber,,OT-033
223,45749,Genetic bank,10,F24-3511,ABC-20305-1,Canavalia ,sp.,Canavalia sp.,Fabaceae,Fabales,Climber,,OT-033
224,45749,Genetic bank,10,F24-3512,ABC-20803-1,Canavalia ,sp.,Canavalia sp.,Fabaceae,Fabales,Climber,,OT-033
225,45749,Genetic bank,10,F24-3513,ABC-21031-1,Christia ,obcordata,Christia obcordata,Fabaceae,Fabales,Climber,,OT-033
226,45749,Genetic bank,10,F24-3514,ABC-21128-1,Crotalaria,pallida,Crotalaria pallida,Fabaceae,Fabales,Herbaceous,,OT-033
227,45749,Genetic bank,10,F24-3515,ABC-21212-1,Canavalia ,sp.,Canavalia sp.,Fabaceae,Fabales,Climber,,OT-033
228,45749,Genetic bank,10,F24-3516,ABC-21263-1,Sesbania,rostrata,Sesbania rostrata,Fabaceae,Fabales,Shrub,,OT-033
229,45749,Genetic bank,10,F24-3517,ABC-21514-1,Desmanthus ,virgatus,Desmanthus virgatus,Fabaceae,Fabales,Shrub,,OT-033
230,45749,Genetic bank,10,F24-3518,ABC-21565-1,Chamaecrista,rotundifolia,Chamaecrista rotundifolia,Fabaceae,Fabales,Herbaceous,,OT-033
231,45749,Genetic bank,10,F24-3519,ABC-21709-1,Crotalaria ,juncea,Crotalaria juncea,Fabaceae,Fabales,Herbaceous,,OT-033
232,45749,Genetic bank,10,F24-3520,ABC-22286-1,Crotalaria,micans,Crotalaria micans,Fabaceae,Fabales,Herbaceous,,OT-033
233,45749,Genetic bank,10,F24-3521,ABC-22475-1,Alysicarpus ,rugosus,Alysicarpus rugosus,Fabaceae,Fabales,Herbaceous,,OT-033
234,45749,Genetic bank,10,F24-3522,ABC-22481-1,Sesbania,cochinchinensis,Sesbania cochinchinensis,Fabaceae,Fabales,Shrub,,OT-033
235,45749,Genetic bank,10,F24-3523,ABC-22520-1,Arachis,pusilla,Arachis pusilla,Fabaceae,Fabales,Herbaceous,,OT-033
236,45749,Genetic bank,10,F24-3524,ABC-22570-1,Desmanthus,bicornutus,Desmanthus bicornutus,Fabaceae,Fabales,Shrub,,OT-033
237,45749,Genetic bank,10,F24-3525,ABC-22594-1,Desmanthus,pernambucanus,Desmanthus pernambucanus,Fabaceae,Fabales,Shrub,,OT-033
238,45749,Genetic bank,10,F24-3526,ABC-22754-1,Lablab ,purpureus,Lablab purpureus,Fabaceae,Fabales,Climber,,OT-033
239,45749,Genetic bank,10,F24-3527,ABC-22915-1,Aeschynomene ,villosa,Aeschynomene villosa,Fabaceae,Fabales,Herbaceous,,OT-033
240,45749,Genetic bank,10,F24-3528,ABC-23259-1,Desmodium,gangeticum,Desmodium gangeticum,Fabaceae,Fabales,Shrub,,OT-033
241,45749,Genetic bank,10,F24-3529,ABC-23339-1,Desmodium,gangeticum,Desmodium gangeticum,Fabaceae,Fabales,Shrub,,OT-033
242,45749,Genetic bank,10,F24-3530,ABC-23761-1,Uraria,picta,Uraria picta,Fabaceae,Fabales,Herbaceous,,OT-033
243,45749,Genetic bank,10,F24-3531,ABC-24360-1,Vigna,umbellata,Vigna umbellata,Fabaceae,Fabales,Climber,,OT-033
244,45749,Genetic bank,10,F24-3532,ABC-24466-1,Vigna,umbellata,Vigna umbellata,Fabaceae,Fabales,Herbaceous,,OT-033
245,45749,Genetic bank,10,F24-3533,ABC-32246-1,Chamaecrista,nictitans,Chamaecrista nictitans,Fabaceae,Fabales,Herbaceous,,OT-033
246,45749,Genetic bank,10,F24-3534,ABC-32365-1,Desmanthus,virgatus,Desmanthus virgatus,Fabaceae,Fabales,Shrub,,OT-033
247,45749,Genetic bank,10,F24-3535,ABC-32373-1,Desmanthus,pubescens,Desmanthus pubescens,Fabaceae,Fabales,Shrub,,OT-033
248,45750,LMF,10,F25 0017,Hohenheimer Heustandard,Hohenheimer, Heustandard,Hohenheimer Heustandard,Forage,Forage,Forage,Standar,OT-002
249,45751,LMF,10,F25 0018,Homenheim Concentrate,Homenheim, Concentrate,Homenheim Concentrate,Concentrate,Concentrate,Concentrate,Standar,OT-002
250,45752,LMF,10,F25 0019,Sample 8,Cynodon, nlemfuensis ,Cynodon nlemfuensis ,Poaceae,Poales,Grasses,Standar,OT-002
251,45768,LMF,11,F25-0769,AMC-ICARDA-156302,Trifolium,repens,Trifolium repens,Fabaceae,Fabales,Legume,OMS,
252,45768,LMF,11,F25-0848,ILRI-2273-27,Trifolium ,burchellianum,Trifolium burchellianum,Fabaceae,Fabales,Legume,OMS,
253,45768,LMF,11,F25-0845,ILRI-21682-24,Leucaena,pallida,Leucaena pallida,Fabaceae,Fabales,Tree,OMS,
254,45768,LMF,11,F25-0907,ABC-17488-1,Leucaena,leucocephala,Leucaena leucocephala,Fabaceae,Fabales,Tree,OMS,
255,45768,LMF,11,F25-0863,ILRI-10299-42,Erythrina,abyssinica,Erythrina abyssinica,,,,OMS,
256,45768,LMF,11,F25-0897,ABC-21694-1,Erythrina ,velutina,Erythrina velutina,,,,OMS,
257,45768,LMF,11,F25-0878,ILRI-7153-57,Panicum,coloratum,Panicum coloratum,,,,OMS,
258,45768,LMF,11,F25-0850,ILRI-13946-29,Stylosanthes,fructicosa,Stylosanthes fructicosa,Fabaceae,Fabales,Herbaceous,OMS,
259,45768,LMF,11,F25-0773,AMC-ICARDA-168125,Lathyrus,sylvestris,Lathyrus sylvestris,,,,OMS,
260,45768,LMF,11,F25-0798,ICARDA-IFLA-ENT27,Lathyrus,sativus,Lathyrus sativus,,,,OMS,
261,45768,LMF,11,F25-0814,ICARDA-T-216004,Vicia ,narbonensis ,Vicia narbonensis L.,,,,OMS,
262,45768,LMF,11,F25-0770,AMC-ICARDA-165072,Vicia ,tenuifolia,Vicia tenuifolia,,,,OMS,
263,45768,LMF,11,F25-0891,ABC-23890-1,Desmodium,heterocarpon,Desmodium heterocarpon,Fabaceae,Fabales,,OMS,
264,45768,LMF,11,F25-0893,ABC-43253-1,Desmodium,scorpiurus,Desmodium scorpiurus,Fabaceae,Fabales,,OMS,
265,45768,LMF,11,F25-0873,ILRI-7384-52,Chloris,gayana,Chloris gayana,,,,OMS,
266,45768,LMF,11,F25-0924,ABC-16666-1,Chloris,gayana,Chloris gayana,,,,OMS,
267,45768,LMF,11,F25-0923,ABC-36099-1,Cenchrus,ciliaris,Cenchrus ciliaris,,,,OMS,
268,45768,LMF,11,F25-0874,ILRI-16791-53,Cenchrus,Purpureues,Cenchrus Purpureues,,,,OMS,
269,45768,LMF,11,F25-0867,ILRI-20145-46,Flemingia,macrophylla,Flemingia macrophylla,,,,OMS,
270,45768,LMF,11,F25-0899,ABC-32055-1,Flemingia,macrophylla,Flemingia macrophylla,,,,OMS,
271,45768,LMF,11,F25-0883,ABC-20893-1,Cajanus,cajan,Cajanus cajan,Fabaceae,Fabales,Browse,OMS,
272,45768,LMF,11,F25-0869,ILRI-16555-48,Cajanus,cajan,Cajanus cajan,Fabaceae,Fabales,Browse,OMS,
273,45768,LMF,11,F25-0818,ICARDA-T-216008,Hedysarum,coronarium,Hedysarum coronarium L.,,,,OMS,
274,45768,LMF,11,F25-0819,ICARDA-T-216009,Hedysarum,carnosum,Hedysarum carnosum Desf.,,,,OMS,
275,45768,LMF,11,F25-0001,Sample 1,Cynodon,nlemfuensis ,Cynodon nlemfuensis ,Poaceae,Poales,Grass,OMS,
276,45768,LMF,11,F25-0002,Sample 2,Cynodon,nlemfuensis ,Cynodon nlemfuensis ,Poaceae,Poales,Grass,OMS,
277,45768,LMF,11,F25-0003,Sample 3,Cynodon,nlemfuensis ,Cynodon nlemfuensis ,Poaceae,Poales,Grass,OMS,
278,45768,LMF,11,F25-0004,Sample 4,Cynodon,nlemfuensis ,Cynodon nlemfuensis ,Poaceae,Poales,Grass,OMS,
279,45768,LMF,11,F25-0005,Sample 5,Cynodon,nlemfuensis ,Cynodon nlemfuensis ,Poaceae,Poales,Grass,OMS,
280,45768,LMF,11,F25-0006,Sample 6,Cynodon,nlemfuensis ,Cynodon nlemfuensis ,Poaceae,Poales,Grass,OMS,
281,45768,LMF,11,F25-0007,Sample 7,Cynodon,nlemfuensis ,Cynodon nlemfuensis ,Poaceae,Poales,Grass,OMS,
282,45768,LMF,11,F25 0017,Hohenheimer Heustandard,Hohenheimer, Heustandard,Hohenheimer Heustandard,Forage,Forage,Forage,Standar,
283,45768,LMF,11,F25 0018,Homenheim Concentrate,Homenheim, Concentrate,Homenheim Concentrate,Concentrate,Concentrate,Concentrate,Standar,
,,,,,,,,,,,,,
,,,,,,,,,,,,,
,,,,,,,,,,,,,
,,,,,,,,,,,,,
,,Breeding,55,,,,,,,,,,
,,Genetic bank,135,,,,,,,,,,
