41_no,41_requisitioner,41_set_ciat,41_ciat_lab_id,41_gene_bank_breeding_program_id,41_genus,41_species,41_tax_name,41_family,41_order,41_functional_group,41_ch4_percentage_in_gas_8h,41_ch4_percentage_in_gas_24h,41_percentage_dmd_truly_digestibility_24h,41_ch4_ml_g_percentage_truly_dmd_24h,41_part_fact,41_date_of_report
No,Requisitioner,Set CIAT,CIAT Lab-ID,Gene bank /Breeding program ID,Genus,Species,Tax Name,Family,Order,Functional Group,"CH4 % in gas, h8","CH4 % in gas, 24h","% DMD, Truly digestibility 24h","CH4 ml/g % Truly DMD, 24h",Part Fact,Date of report
1,Genetic bank,1,F24 3416,ABC-705-1,Indigofera,suffruticosa,Indigofera suffruticosa,Fabaceae,Fabales,Herbaceous,0.432335032,0.775643614,8.69091858,4.055537389,0.630654272,
2,Genetic bank,1,F24 3417,ABC-707-1,Alysicarpus,ovalifolius,Alysicarpus ovalifolius,Fabaceae,Fabales,Herbaceous,0.454877544,0.718717619,3.988277261,3.839859157,0.328935059,
3,Genetic bank,1,F24 3418,ABC-712-1,Clitoria,ternatea,Clitoria ternatea,Fabaceae,Fabales,Climber,0.362092683,0.41274415,4.067993463,4.073741492,0.296988773,
4,Genetic bank,1,F24 3419,ABC-749-1,Crotalaria,juncea,Crotalaria juncea,Fabaceae,Fabales,Herbaceous,0.774596669,0.427017879,3.336931516,3.134401499,0.325638653,
5,Genetic bank,1,F24 3420,ABC-768-1,Clitoria,ternatea,Clitoria ternatea,Fabaceae,Fabales,Climber,0.357287449,0.454655785,2.021057644,2.195828708,0.135665407,
6,Genetic bank,1,F24 3421,ABC-772-1,Clitoria,ternatea,Clitoria ternatea,Fabaceae,Fabales,Climber,1.155769211,1.003184679,5.441965566,4.962330926,0.916953772,
7,Genetic bank,1,F24 3422,ABC-819-1,Indigofera,suffruticosa,Indigofera suffruticosa,Fabaceae,Fabales,Herbaceous,0.31124749,0.753831711,6.075911765,6.11531024,0.588167074,
8,Genetic bank,1,F24 3423,ABC-905-1,Canavalia,brasiliensis,Canavalia brasiliensis,Fabaceae,Fabales,Climber,0.285881785,0.852702078,4.061015513,7.176101614,0.578097839,
9,Genetic bank,1,F24 3424,ABC-913-1,Cajanus,cajan,Cajanus cajan,Fabaceae,Fabales,Shrub,0.545690185,1.028825782,6.86251134,3.864590741,0.784733771,
10,Genetic bank,1,F24 3425,ABC-955-1,Clitoria,ternatea,Clitoria ternatea,Fabaceae,Fabales,Climber,0.947250733,0.417609438,5.838723152,7.692354439,0.547812881,
11,LMF,1,F24 1047,,,,Albizzia saman,Fabaceae,Fabales,Tree,1.695163782,1.511278533,19.89622526,3.370249663,11.70502374,Datos eliminados por metodología
12,LMF,1,F24 1070,,,,Gliricidia sepium,Fabaceae,Fabales,Tree,0.589358762,0.667274358,20.80334595,8.681389496,4.612493852,Datos eliminados por metodología
13,LMF,1,F24 1075,,,,Leucaena diversifolia,Fabaceae,Fabales,Tree,1.850992393,1.274379142,22.20745507,5.990867381,12.08754494,Datos eliminados por metodología
14,LMF,1,F24 1084,,,,Brachiaria decumbens,Poaceae,Poales,Grass,0.511737237,0.595076895,22.18628726,8.735294169,3.73186687,Datos eliminados por metodología
15,LMF,1,F24 1095,,,,Setaria sphacelata,Fabaceae,Fabales,Grass,1.221514947,2.628335142,20.36212006,10.59190397,6.781727895,Datos eliminados por metodología
16,Genetic bank,2,F24 3426,ABC-989-1,Indigofera,hirsuta,Indigofera hirsuta,Fabaceae,Fabales,Herbaceous,0.828653526,0.708804199,3.373283753,1.412034275,0.243973556,
17,Genetic bank,2,F24 3427,ABC-1257-1,Stylosanthes,scabra,Stylosanthes scabra,Fabaceae,Fabales,Herbaceous,0.56786366,0.479428456,2.961174464,3.032636281,0.243517851,
18,Genetic bank,2,F24 3428,ABC-3240-1,Desmodium,cinereum,Desmodium cinereum,Fabaceae,Fabales,Herbaceous,0.517353188,0.450384316,2.901630719,1.625132833,0.131054621,
19,Genetic bank,2,F24 3429,ABC-3522-1,Desmodium,incanum,Desmodium incanum,Fabaceae,Fabales,Herbaceous,1.115657366,0.69004279,1.594519606,2.862722142,0.325744408,
20,Genetic bank,2,F24 3430,ABC-4134-1,Macroptilium,lathyroides,Macroptilium lathyroides,Fabaceae,Fabales,Climber,0.666666667,0.465823056,2.781483073,2.369884713,0.343750669,
21,Genetic bank,2,F24 3431,ABC-4279-1,Vigna,umbellata,Vigna umbellata,Fabaceae,Fabales,Herbaceous,0.563279638,0.488675665,4.798722307,2.880690026,0.363573546,
22,Genetic bank,2,F24 3432,ABC-5124-1,Centrosema,molle x acutifolium,Centrosema molle x acutifolium,Fabaceae,Fabales,Climber,0.795977542,0.442312948,2.926746717,3.310752688,0.535628117,
23,Genetic bank,2,F24 3433,ABC-5234-1,Centrosema,brasilianum,Centrosema brasilianum,Fabaceae,Fabales,Climber,0.724355823,0.489633617,3.074731678,2.419499092,0.250506247,
24,Genetic bank,2,F24 3434,ABC-7292-1,Chamaecrista,desvauxii,Chamaecrista desvauxii,Fabaceae,Fabales,Herbaceous,0.81483165,0.457348259,2.150887765,3.084188908,0.347960191,
25,Genetic bank,2,F24 3435,ABC-7317-1,Canavalia,sp.,Canavalia sp.,Fabaceae,Fabales,Climber,0.774596669,0.520438686,2.678195089,3.1579157,0.37705313,
26,Genetic bank,2,F24 3436,ABC-7322-1,Canavalia,sp.,Canavalia sp.,Fabaceae,Fabales,Climber,0.850417472,0.610259209,1.732810708,3.952057165,0.425749407,
27,Genetic bank,2,F24 3437,ABC-7339-1,Indigofera,lespedezioides,Indigofera lespedezioides,Fabaceae,Fabales,Herbaceous,1.146976702,0.763616696,1.895713378,3.594848773,0.625648072,
28,Genetic bank,2,F24 3438,ABC-7469-1,Clitoria,ternatea,Clitoria ternatea,Fabaceae,Fabales,Climber,0.682225841,0.410009169,6.226519805,4.240778699,0.444559387,
29,Genetic bank,2,F24 3439,ABC-7643-1,Desmanthus,pernambucanus,Desmanthus pernambucanus,Fabaceae,Fabales,Shrub,0.625388768,0.613385767,4.574971851,5.944279539,0.557755142,
30,Genetic bank,2,F24 3440,ABC-7703-1,Aeschynomene,indica,Aeschynomene indica,Fabaceae,Fabales,Herbaceous,0.407080196,0.286656517,2.1087615,2.214503563,0.242664963,
1,Genetic bank,3,F24 3441,ABC-7714,Alysicarpus,glumaceus,Alysicarpus glumaceus,Fabaceae,Fabales,Herbaceous,0.23570226,0.219338644,1.240435959,1.153965993,0.13039299,Datos eliminados 
2,Genetic bank,3,F24 3442,ABC-7757,Clitoria,ternatea,Clitoria ternatea,Fabaceae,Fabales,Climber,0.358599707,0.389561379,7.124033845,4.993199777,0.406340444,Datos eliminados 
3,Genetic bank,3,F24 3443,ABC-7759,Clitoria,ternatea,Clitoria ternatea,Fabaceae,Fabales,Climber,0.182574186,0.278285701,2.344081371,4.280053723,0.375048206,Datos eliminados 
4,Genetic bank,3,F24 3444,ABC-7790,Crotalaria,pallida,Crotalaria pallida,Fabaceae,Fabales,Herbaceous,0.393778781,0.365176386,3.91433696,2.112695475,0.270459453,Datos eliminados 
5,Genetic bank,3,F24 3445,ABC-7792,Chamaecrista,rotundifolia,Chamaecrista rotundifolia,Fabaceae,Fabales,Herbaceous,0.259506744,0.33125275,2.527167567,1.92106941,0.17085953,Datos eliminados 
6,Genetic bank,3,F24 3446,ABC-7816,Indigofera,spicata,Indigofera spicata,Fabaceae,Fabales,Herbaceous,0.605122169,0.4972695,6.926882018,1.569800406,0.458985199,Datos eliminados 
7,Genetic bank,3,F24 3447,ABC-7858,Crotalaria,incana,Crotalaria incana,Fabaceaee,Fabales,Herbaceous,0.394405319,0.279338996,2.994009679,2.393479883,0.240478883,Datos eliminados 
8,Genetic bank,3,F24 3448,ABC-7972,Canavalia,brasiliensis,Canavalia brasiliensis,Fabaceae,Fabales,Climber,0.299794168,0.257378474,3.46628172,1.921010569,0.280323555,Datos eliminados 
9,Genetic bank,3,F24 3449,ABC-8205,Indigofera,suffruticosa,Indigofera suffruticosa,Fabaceae,Fabales,Herbaceous,0.800154306,0.398508338,2.738642195,4.126890462,0.78489578,Datos eliminados 
10,Genetic bank,3,F24 3450,ABC-8402,Indigofera,suffruticosa,Indigofera suffruticosa,Fabaceae,Fabales,Herbaceous,0.690857403,0.581584818,3.575643671,4.019799436,0.572020335,Datos eliminados 
11,Genetic bank,3,F24 3451,ABC-8408,Chamaecrista,nictitans,Chamaecrista nictitans,Fabaceae,Fabales,Herbaceous,0.768516287,0.570296399,2.936265421,4.478849223,0.430693264,Datos eliminados 
12,Genetic bank,3,F24 3452,ABC-8409,Chamaecrista,nictitans,Chamaecrista nictitans,Fabaceae,Fabales,Herbaceous,0.788027699,0.611533152,1.213636281,3.011788898,0.382621564,Datos eliminados 
13,Genetic bank,3,F24 3453,ABC-8719,Canavalia,sp.,Canavalia sp. ,Fabaceae,Fabales,Climber,1.034348366,0.793770646,7.275590894,2.980108524,0.545885132,Datos eliminados 
14,Genetic bank,3,F24 3454,ABC-8797,Desmanthus,virgatus,Desmanthus virgatus,Fabaceae,Fabales,Shrub,0.798764478,0.422190624,1.206062636,1.167927595,0.210915861,Datos eliminados 
15,Genetic bank,3,F24 3455,ABC-8819,Coursetia,caribaea,Coursetia caribaea,Fabaceae,Fabales,Herbaceous,0.730465774,0.334491249,1.219947567,1.139534441,0.147160618,Datos eliminados 
1,Breeding,4,F24 3582,ABC-BR02_1752,Urochloa,interespecifico,Brachiaria interespecifico,Poaceae,Poales,Grass,0.569166599,0.70062546,1.504829398,1.631520791,0.111275483,
2,Breeding,4,F24 3583,ABC-BR02_1794,Urochloa,interespecifico,Brachiaria interespecifico,Poaceae,Poales,Grass,0.737027731,0.760309121,0.987946518,1.839279899,0.146701368,
3,Breeding,4,F24 3584,ABC-BR06_0423,Urochloa,interespecifico,Brachiaria interespecifico,Poaceae,Poales,Grass,0.652758569,0.814310182,2.756236674,3.004646686,0.253798153,
4,Breeding,4,F24 3585,ABC-BR09_1232,Urochloa,interespecifico,Brachiaria interespecifico,Poaceae,Poales,Grass,0.714033438,0.863048208,1.825735491,2.49258506,0.125552779,
5,Breeding,4,F24 3586,ABC-BR12_4951,Urochloa,interespecifico,Brachiaria interespecifico,Poaceae,Poales,Grass,0.614837126,0.78106425,0.97060991,2.433248707,0.117696631,
6,Breeding,4,F24 3587,ABC-BR15_0722,Urochloa,interespecifico,Brachiaria interespecifico,Poaceae,Poales,Grass,0.713018276,0.846629086,1.935398922,2.739285132,0.28606671,
7,Breeding,4,F24 3588,ABC-BR15_6487,Urochloa,interespecifico,Brachiaria interespecifico,Poaceae,Poales,Grass,0.662264109,0.786557777,2.009906119,2.683133658,0.16659368,
8,Breeding,4,F24 3589,ABC-BR19_0029,Urochloa,interespecifico,Brachiaria interespecifico,Poaceae,Poales,Grass,0.785712256,0.821578539,1.966609525,2.774803402,0.127931732,
9,Breeding,4,F24 3590,ABC-BR19_0423,Urochloa,interespecifico,Brachiaria interespecifico,Poaceae,Poales,Grass,0.867947771,0.826297504,4.012565789,3.744234032,0.309873523,
10,Breeding,4,F24 3591,ABC-CIAT_6962,Megathyrsus,maximus,Megathyrsus maximus,Poaceae,Poales,Grass,0.821621402,1.072759671,6.839259236,4.090220846,0.478783028,
11,Breeding,4,F24 3592,ABC-Mulato_II,Urochloa,interespecifico,Brachiaria interespecifico,Poaceae,Poales,Grass,0.831924735,0.83767941,2.91602557,2.781846297,0.311518489,
12,Breeding,4,F24 3593,ABC-PM21_0215,Megathyrsus,maximus,Megathyrsus maximus,Poaceae,Poales,Grass,0.695132992,1.034141336,1.828787464,1.59838813,0.190570521,
13,Breeding,4,F24 3594,ABC-PM21_0631,Megathyrsus,maximus,Megathyrsus maximus,Poaceae,Poales,Grass,0.795822426,0.853128488,2.567906377,1.789788243,0.130325626,
14,Breeding,4,F24 3595,ABC-PM21_2195,Megathyrsus,maximus,Megathyrsus maximus,Poaceae,Poales,Grass,0.841221921,0.952157857,2.285678269,2.55422709,0.144266033,
15,Breeding,4,F24 3596,ABC-PM21_3522,Megathyrsus,maximus,Megathyrsus maximus,Poaceae,Poales,Grass,0.8986959,1.052993767,6.500355227,4.014789,0.503849804,
16,LMF,FAO,,FAO,,,FAO,,,,,,,,,
1,Breeding,5,F24 3597,ABC-PM21_3534,Megathyrsus,maximus,Megathyrsus maximus,Poaceae,Poales,Grass,0.909347887,0.851239297,1.959794742,4.499881505,0.199107436,
2,Breeding,5,F24 3598,ABC-PM21_3537,Megathyrsus,maximus,Megathyrsus maximus,Poaceae,Poales,Grass,0.93064158,0.504585763,5.076097726,3.777216599,0.212692286,
3,Breeding,5,F24 3599,ABC-PM21_3545,Megathyrsus,maximus,Megathyrsus maximus,Poaceae,Poales,Grass,1.208135686,0.796832577,4.617952411,4.339428695,0.177133988,
4,Breeding,5,F24 3600,ABC-PM21_3670,Megathyrsus,maximus,Megathyrsus maximus,Poaceae,Poales,Grass,1.315294644,0.873603677,1.251015598,4.22685082,0.388125061,
5,Breeding,5,F24 3601,ABC-PM21_6628,Megathyrsus,maximus,Megathyrsus maximus,Poaceae,Poales,Grass,1.135292424,0.796826226,1.89956415,7.437910366,0.734129562,
6,Breeding,5,F24 3602,ABC-BH08_1149,Urochloa,humidicola,Brachiaria humidicola,Poaceae,Poales,Grass,1.044562641,1.617224265,1.302376473,7.358604079,0.23687487,
7,Breeding,5,F24 3603,ABC-BH16_0550,Urochloa,humidicola,Brachiaria humidicola,Poaceae,Poales,Grass,0.97385577,0.624996111,1.971029711,4.918577371,0.173252685,
8,Breeding,5,F24 3604,ABC-BH16_0562,Urochloa,humidicola,Brachiaria humidicola,Poaceae,Poales,Grass,0.815092019,0.722073879,1.249710469,5.212992438,0.17880427,
9,Breeding,5,F24 3605,ABC-BH16_3249,Urochloa,humidicola,Brachiaria humidicola,Poaceae,Poales,Grass,0.939003938,0.722833395,4.432766229,5.826650564,0.251694601,
10,Breeding,5,F24 3606,ABC-BH16B_0733,Urochloa,humidicola,Brachiaria humidicola,Poaceae,Poales,Grass,1.258845248,1.019101961,2.19314707,5.274602829,0.196467126,
11,Breeding,5,F24 3607,ABC-BH16B_0741,Urochloa,humidicola,Brachiaria humidicola,Poaceae,Poales,Grass,0.915302015,0.655709896,3.027840948,6.356022025,0.31678235,
12,Breeding,5,F24 3608,ABC-BH16B_1194,Urochloa,humidicola,Brachiaria humidicola,Poaceae,Poales,Grass,1.161416759,0.928827398,2.540246849,4.263103179,0.27280484,
13,Breeding,5,F24 3609,ABC-BH16B_1618,Urochloa,humidicola,Brachiaria humidicola,Poaceae,Poales,Grass,1.135727319,2.306429973,2.022232001,9.952582506,0.357789494,
14,Breeding,5,F24 3610,ABC-BH16B_1707,Urochloa,humidicola,Brachiaria humidicola,Poaceae,Poales,Grass,1.064581295,0.894609609,3.315651838,8.400992718,0.317481177,
15,Breeding,5,F24 3611,ABC-CIAT_16888,Urochloa,humidicola,Brachiaria humidicola,Poaceae,Poales,Grass,1.899382616,1.503563166,3.879164849,6.84428844,0.237828805,
1,Genetic bank,5,F24 3426,ABC-989-1,Indigofera,hirsuta,Indigofera hirsuta,Fabaceae,Fabales,Legume,1.072898463,0.874623065,8.124339077,3.101320021,0.535966193,
2,Genetic bank,5,F24 3427,ABC-1257-1,Stylosanthes,scabra,Stylosanthes scabra,Fabaceae,Fabales,Legume,0.902397356,0.632059432,7.990367183,14.10775389,2.040009193,
3,Genetic bank,5,F24 3428,ABC-3240-1,Desmodium,cinereum,Desmodium cinereum,Fabaceae,Fabales,Browse,0.449691252,0.360914403,5.05189787,3.19217391,0.393293365,
4,Genetic bank,5,F24 3429,ABC-3522-1,Desmodium,incanum,Desmodium incanum,Fabaceae,Fabales,Legume,0.646357314,0.444786427,2.867212804,3.827247337,0.360703809,
5,Genetic bank,5,F24 3430,ABC-4134-1,Macroptilium,lathyroides,Macroptilium lathyroides,Fabaceae,Fabales,Climber,0.584997626,0.399921953,5.417943048,6.793544297,0.506270592,
6,Genetic bank,5,F24 3431,ABC-4279-1,Vigna,umbellata,Vigna umbellata,Fabaceae,Fabales,Climber,0.442216639,0.284857244,6.299059649,5.355433003,0.448121682,
7,Genetic bank,5,F24 3432,ABC-5124-1,Centrosema,molle x acutifolium,Centrosema molle x acutifolium,Fabaceae,Fabales,Climber,0.519464869,0.270670483,8.634080749,6.469413572,0.879282036,
8,Genetic bank,5,F24 3433,ABC-5234-1,Centrosema,brasilianum,Centrosema brasilianum,Fabaceae,Fabales,Climber,0.493552176,0.463659134,3.994135679,2.490413129,0.198579312,
9,Genetic bank,5,F24 3434,ABC-7292-1,Chamaecrista,desvauxii,Chamaecrista desvauxii,Fabaceae,Fabales,Legume,0.812555791,0.58908432,3.325611158,3.638848858,0.533227639,
10,Genetic bank,5,F24 3435,ABC-7317-1,Canavalia,sp.,Canavalia sp.,Fabaceae,Fabales,Climber,0.676227736,0.403877579,4.272548042,3.367451013,0.657908056,
11,Genetic bank,5,F24 3436,ABC-7322-1,Canavalia,sp.,Canavalia sp.,Fabaceae,Fabales,Climber,0.608174764,0.395695322,3.308439664,2.949190489,0.396441572,
12,Genetic bank,5,F24 3437,ABC-7339-1,Indigofera,lespedezioides,Indigofera lespedezioides,Fabaceae,Fabales,Legume,1.269392778,0.649728826,9.706240956,8.173250001,1.116198697,
13,Genetic bank,5,F24 3438,ABC-7469-1,Clitoria,ternatea,Clitoria ternatea,Fabaceae,Fabales,Climber,1.820866704,1.136537949,8.813535049,7.697932383,0.532894207,
14,Genetic bank,5,F24 3439,ABC-7643-1,Desmanthus,pernambucanus,Desmanthus pernambucanus,Fabaceae,Fabales,Browse,1.220314167,0.545347981,3.644501467,2.726614747,0.204125902,
15,Genetic bank,5,F24 3440,ABC-7703-1,Aeschynomene,indica,Aeschynomene indica,Fabaceae,Fabales,Legume,0.496903995,0.435795021,9.280433712,5.355272969,0.45161228,
16,LMF,5,F25 0017,Hohenheimer Heustandard,,,Hohenheimer Heustandard,,,,0.735014907,0.671249857,8.533356342,11.77949499,0.85983186,
17,LMF,5,F25 0018,Homenheim Concentrate,,,Homenheim Concentrate,,,,0.367423461,0.353776116,7.751020002,7.05335556,0.433835966,
18,LMF,5,F25 0019,Sample 8,,,Cynodon nlemfuensis ,,,,0.56786366,0.426184405,8.50683319,7.933483644,0.740399589,
1,Genetic bank,6,F24 3441,ABC-7714-1,Alysicarpus,glumaceus,Alysicarpus glumaceus,Fabaceae,Fabales,Herbaceous,0.219215774,0.503239345,8.838092907,7.020941168,0.711817488,Reproceso
2,Genetic bank,6,F24 3442,ABC-7757-1,Clitoria,ternatea,Clitoria ternatea,Fabaceae,Fabales,Climber,0.536708073,0.349553231,2.616492801,3.840205649,0.236687641,Reproceso
3,Genetic bank,6,F24 3443,ABC-7759-1,Clitoria,ternatea,Clitoria ternatea,Fabaceae,Fabales,Climber,0.230940108,0.2588458,4.210308674,3.739205343,0.232730967,Reproceso
4,Genetic bank,6,F24 3444,ABC-7790-1,Crotalaria,pallida,Crotalaria pallida,Fabaceae,Fabales,Herbaceous,1.061052936,1.215238571,7.612069587,7.493715623,0.571417536,Reproceso
5,Genetic bank,6,F24 3445,ABC-7792-1,Chamaecrista,rotundifolia,Chamaecrista rotundifolia,Fabaceae,Fabales,Herbaceous,0.314466038,0.414503461,6.371593108,3.783732683,0.275177364,Reproceso
6,Genetic bank,6,F24 3446,ABC-7816-1,Indigofera,spicata,Indigofera spicata,Fabaceae,Fabales,Herbaceous,0.281365717,0.224596579,4.372728807,3.79129806,0.481574324,Reproceso
7,Genetic bank,6,F24 3447,ABC-7858-1,Crotalaria,incana,Crotalaria incana,Fabaceaee,Fabales,Herbaceous,0.338706691,0.151046789,6.079676056,4.751555256,0.393229186,Reproceso
8,Genetic bank,6,F24 3448,ABC-7972-1,Canavalia,brasiliensis,Canavalia brasiliensis,Fabaceae,Fabales,Climber,0.986013297,0.733963155,9.023803314,4.431714886,0.328547517,Reproceso
9,Genetic bank,6,F24 3449,ABC-8205-1,Indigofera,suffruticosa,Indigofera suffruticosa,Fabaceae,Fabales,Herbaceous,0.516397779,0.449998998,4.234136413,3.519004706,0.448397263,Reproceso
10,Genetic bank,6,F24 3450,ABC-8402-1,Indigofera,suffruticosa,Indigofera suffruticosa,Fabaceae,Fabales,Herbaceous,0.412795349,0.278853306,2.700208809,1.176973849,0.117543421,Reproceso
11,Genetic bank,6,F24 3451,ABC-8408-1,Chamaecrista,nictitans,Chamaecrista nictitans,Fabaceae,Fabales,Herbaceous,0.29107082,0.601134524,1.675031205,5.63614198,0.268229138,Reproceso
12,Genetic bank,6,F24 3452,ABC-8409-1,Chamaecrista,nictitans,Chamaecrista nictitans,Fabaceae,Fabales,Herbaceous,0.292574777,0.779847261,5.619961164,4.150590426,0.327420148,Reproceso
13,Genetic bank,6,F24 3453,ABC-8719-1,Canavalia,sp.,Canavalia sp.,Fabaceae,Fabales,Climber,0.267186992,1.839612075,5.248458815,6.441508926,0.246785009,Reproceso
14,Genetic bank,6,F24 3454,ABC-8797-1,Desmanthus,virgatus,Desmanthus virgatus,Fabaceae,Fabales,Shrub,0.687184271,0.305440859,1.74915347,2.22492512,0.149398232,Reproceso
15,Genetic bank,6,F24 3455,ABC-8819-1,Coursetia,caribaea,Coursetia caribaea,Fabaceae,Fabales,Herbaceous,0.386781592,0.269677553,4.367027979,2.908212967,0.210055418,Reproceso
1,Genetic bank,6,F24 3456,ABC-9170-1,Indigofera,lespedezioides,Indigofera lespedezioides,Fabaceae,Fabales,Herbaceous,0.247767812,0.188068592,4.950829717,5.334149841,0.560805068,
2,Genetic bank,6,F24 3457,ABC-9254-1,Crotalaria,pallida,Crotalaria pallida,Fabaceae,Fabales,Herbaceous,0.373050488,0.733146235,4.157166807,4.920235818,0.350719316,
3,Genetic bank,6,F24 3458,ABC-9283-1,Crotalaria,pallida,Crotalaria pallida,Fabaceae,Fabales,Herbaceous,0.324893145,0.862468637,5.235354605,3.595496475,0.329986647,
4,Genetic bank,6,F24 3459,ABC-9288-1,Indigofera,suffruticosa,Indigofera suffruticosa,Fabaceae,Fabales,Herbaceous,0.353160335,0.882108504,3.734717963,3.431370658,0.264892147,
5,Genetic bank,6,F24 3460,ABC-9336-1,Clitoria,ternatea,Clitoria ternatea,Fabaceae,Fabales,Climber,0.430761599,0.559479336,5.39976625,7.443917513,0.645400484,
6,Genetic bank,6,F24 3461,ABC-9349-1,Mucuna,pruriens,Mucuna pruriens,Fabaceae,Fabales,Climber,0.468152397,0.173976829,5.528939403,4.377601423,0.425468903,
7,Genetic bank,6,F24 3462,ABC-9356-1,Tephrosia,noctiflora,Tephrosia noctiflora,Fabaceae,Fabales,Shrub,0.509901951,0.462660184,5.764578863,4.846375105,0.446495625,
8,Genetic bank,6,F24 3463,ABC-9432-1,Clitoria,ternatea,Clitoria ternatea,Fabaceae,Fabales,Climber,0.41761226,0.174184626,1.952755064,4.249218275,0.231415578,
9,Genetic bank,6,F24 3464,ABC-9433-1,Clitoria,ternatea,Clitoria ternatea,Fabaceae,Fabales,Climber,0.221735578,0.091666032,9.252635852,6.829192312,0.593140652,
10,Genetic bank,6,F24 3465,ABC-9435-1,Desmanthus,pubescens,Desmanthus pubescens,Fabaceae,Fabales,Shrub,0.460675832,0.143410947,2.016944525,1.891317135,0.19466848,
11,Genetic bank,6,F24 3466,ABC-9530-1,Crotalaria,maypurensis,Crotalaria maypurensis,Fabaceae,Fabales,Herbaceous,0.343592135,0.155570517,5.819653293,5.368231379,0.381651018,
12,Genetic bank,6,F24 3467,ABC-9562-1,Eriosema,diffusum,Eriosema diffusum,Fabaceae,Fabales,Herbaceous,0.516139516,0.362076707,1.795818573,3.247370484,0.274358208,
13,Genetic bank,6,F24 3468,ABC-9982-1,Crotalaria,incana,Crotalaria incana,Fabaceae,Fabales,Herbaceous,0.411298756,0.179458168,2.522054451,1.422256031,0.112979141,
14,Genetic bank,6,F24 3469,ABC-10647-1,Stylosanthes,scabra,Stylosanthes scabra,Fabaceae,Fabales,Herbaceous,0.4,0.159752844,9.295926405,5.643224012,0.547883596,
15,Genetic bank,6,F24 3470,ABC-11194-1,Stylosanthes,hamata,Stylosanthes hamata,Fabaceae,Fabales,Herbaceous,0.414996653,0.12835325,2.576626747,1.812377145,0.156094668,
16,LMF,6,F25 0017,Hohenheimer Heustandard,,,Hohenheimer Heustandard,,,,0.141421356,0.131187503,2.300800723,2.506024267,0.09646726,
17,LMF,6,F25 0018,Homenheim Concentrate,,,Homenheim Concentrate,,,,,,,,,
18,LMF,6,F25 0019,Sample 8,,,Cynodon nlemfuensis ,,,,0.43204938,0.29141391,3.479230946,3.087676071,0.207121759,
1,Genetic bank,7,F24 3471,ABC-11999-1,Stylosanthes,guianensis,Stylosanthes guianensis,Fabaceae,Fabales,Herbaceous,1.623287322,1.61659985,2.990545124,5.9214152,0.207036854,
2,Genetic bank,7,F24 3472,ABC-12318-1,Stylosanthes,hamata,Stylosanthes hamata,Fabaceae,Fabales,Herbaceous,1.6292087,1.610957413,3.46879764,5.181358458,0.150220528,
3,Genetic bank,7,F24 3473,ABC-13575-1,Desmodium,incanum,Desmodium incanum,Fabaceae,Fabales,Herbaceous,1.852325865,1.635792974,4.491958212,7.675187773,0.450728256,
4,Genetic bank,7,F24 3474,ABC-13609-1,Desmodium,incanum,Desmodium incanum,Fabaceae,Fabales,Herbaceous,1.697783595,1.512409444,3.825172323,8.792540982,0.387456352,
5,Genetic bank,7,F24 3475,ABC-15551-1,Centrosema,molle,Centrosema molle,Fabaceae,Fabales,Climber,1.784777885,1.696727855,5.391908583,8.622100191,0.367713187,
6,Genetic bank,7,F24 3476,ABC-17024-1,Desmanthus,pernambucanus,Desmanthus pernambucanus,Fabaceae,Fabales,Shrub,1.618641406,1.577607742,3.670717612,8.334844962,0.355766921,
7,Genetic bank,7,F24 3477,ABC-17091-1,Crotalaria,micans,Crotalaria micans,Fabaceae,Fabales,Herbaceous,1.734614911,1.540223565,3.410416235,5.409380018,0.154809246,
8,Genetic bank,7,F24 3478,ABC-17365-1,Clitoria,ternatea,Clitoria ternatea,Fabaceae,Fabales,Climber,1.841966207,1.713484857,3.357749165,5.18186357,0.145826914,
9,Genetic bank,7,F24 3479,ABC-17451-1,Canavalia,sp.,Canavalia sp.,Fabaceae,Fabales,Climber,1.764464036,1.715939706,2.699051728,5.37495864,0.204951696,
10,Genetic bank,7,F24 3480,ABC-17775-1,Christia,obcordata,Christia obcordata,Fabaceae,Fabales,Herbaceous,1.745541057,1.628751406,3.365296686,6.235747817,0.179832354,
11,Genetic bank,7,F24 3481,ABC-18016-1,Sesbania,emerus,Sesbania emerus,Fabaceae,Fabales,Shrub,1.680608355,1.467134949,3.677354266,6.741391886,0.287925307,
12,Genetic bank,7,F24 3482,ABC-18044-1,Christia,sp.,Christia sp.,Fabaceae,Fabales,Climber,1.792867814,1.58589665,4.9473522,6.019239467,0.237814596,
13,Genetic bank,7,F24 3483,ABC-18288-1,Sesbania,exasperata,Sesbania exasperata,Fabaceae,Fabales,Shrub,1.7958285,1.525977856,7.035273471,5.924547994,0.354141221,
14,Genetic bank,7,F24 3484,ABC-18447-1,Clitoria,ternatea,Clitoria ternatea,Fabaceae,Fabales,Climber,1.835116977,1.709986758,2.949670952,5.702331176,0.128355898,
15,Genetic bank,7,F24 3485,ABC-18455-1,Christia,obcordata,Christia obcordata,Fabaceae,Fabales,Climber,2.034941683,1.924016918,3.872385768,9.996160262,0.340995832,
16,Genetic bank,7,F24 3486,ABC-18707-1,Crotalaria,pallida,Crotalaria pallida,Fabaceae,Fabales,Herbaceous,1.828242089,1.980211686,6.552617758,10.97473139,0.467606093,
17,Genetic bank,7,F24 3487,ABC-18749-1,Arachis,pintoi,Arachis pintoi,Fabaceae,Fabales,Herbaceous,1.650888276,1.890769745,4.572965716,5.864222715,0.344983321,
18,Genetic bank,7,F24 3488,ABC-18813-1,Crotalaria,nitens,Crotalaria nitens,Fabaceae,Fabales,Herbaceous,1.687499428,1.611624344,3.824743925,7.359445756,0.544519974,
19,Genetic bank,7,F24 3489,ABC-18848-1,Alysicarpus,rugosus,Alysicarpus rugosus,Fabaceae,Fabales,Herbaceous,1.58113883,1.441671831,7.976703447,5.33422417,0.756921134,
20,Genetic bank,7,F24 3490,ABC-18862-1,Alysicarpus,rugosus,Alysicarpus rugosus,Fabaceae,Fabales,Herbaceous,1.526797665,1.655181938,3.644491873,7.622739766,0.361700209,
21,Genetic bank,7,F24 3491,ABC-18931-1,Tephrosia,linearis,Tephrosia linearis,Fabaceae,Fabales,Shrub,1.744904398,1.639465442,6.525719691,7.09780871,0.423283104,
22,Genetic bank,7,F24 3492,ABC-19038-1,Canavalia,sp.,Canavalia sp.,Fabaceae,Fabales,Shrub,1.817065875,1.645183009,6.769635968,8.886104061,0.587176859,
23,Genetic bank,7,F24 3493,ABC-19118-1,Alysicarpus,rugosus,Alysicarpus rugosus,Fabaceae,Fabales,Climber,1.817473487,1.83570578,4.688819978,7.013060534,0.38289816,
24,Genetic bank,7,F24 3494,ABC-19127-1,Alysicarpus,rugosus,Alysicarpus rugosus,Fabaceae,Fabales,Herbaceous,1.724192421,1.719105079,2.243239198,6.132743566,0.194019359,
25,Genetic bank,7,F24 3495,ABC-19128-1,Alysicarpus,rugosus,Alysicarpus rugosus,Fabaceae,Fabales,Herbaceous,1.800274328,1.717002319,1.70081925,5.803944281,0.160589383,
26,Genetic bank,7,F24 3496,ABC-19129-1,Alysicarpus,rugosus,Alysicarpus rugosus,Fabaceae,Fabales,Herbaceous,1.841765122,1.818152963,4.302361372,7.083805469,0.312066314,
27,Genetic bank,7,F24 3497,ABC-19133-1,Alysicarpus,rugosus,Alysicarpus rugosus,Fabaceae,Fabales,Herbaceous,1.724621984,1.672653557,7.692571625,14.43868855,0.580168692,
28,Genetic bank,7,F24 3498,ABC-19137-1,Alysicarpus,rugosus,Alysicarpus rugosus,Fabaceae,Fabales,Herbaceous,1.613446583,1.469929166,5.009628962,7.798063755,0.345317593,
29,Genetic bank,7,F24 3499,ABC-19138-1,Alysicarpus,rugosus,Alysicarpus rugosus,Fabaceae,Fabales,Herbaceous,1.75062599,1.694431758,2.468625139,4.394205461,0.214170324,
30,Genetic bank,7,F24 3500,ABC-19139-1,Alysicarpus,ovalifolius,Alysicarpus ovalifolius,Fabaceae,Fabales,Herbaceous,1.396910171,1.538253224,5.30482534,5.061984961,0.470597319,
31,LMF,7,F25 0017,Hohenheimer Heustandard,,,Hohenheimer Heustandard,,,,2.208128921,1.907175398,2.289412007,4.488472628,0.195160575,
32,LMF,7,F25 0018,Homenheim Concentrate,,,Homenheim Concentrate,,,,1.945788722,1.912155639,2.050439016,7.892101889,0.10983025,
33,LMF,7,F25 0019,Sample 8,,,Cynodon nlemfuensis ,,,,2.7,2.327896224,2.187253677,3.757682609,0.283428655,
34,LMF,8,F25 0772,ICARDA 165563,Trifolium ,pratense,Trifolium pratense,Fabaceae,Fabales,Legume,0.169967317,0.16488082,2.297181171,1.17498065,0.116290161,Piloto
35,LMF,8,F25 0783,ICARDA J8,Daucus ,carota,Daucus carota,Fabaceae,Fabales,Herbaceous,0.094280904,0.078632383,1.289913381,0.648036604,0.089183546,Piloto
36,LMF,8,F25 0784,ICARDA J9,Fumaria , bracteosa,Fumaria bracteosa,Fabaceae,Fabales,Herbaceous,0.081649658,0.026296842,2.756949569,1.514207622,0.189932561,Piloto
37,LMF,8,F25 0788,ICARDA J13,Cichorium ,pumilum,Cichorium pumilum,Fabaceae,Fabales,Herbaceous,0.21602469,0.1305631,2.307098885,1.134090098,0.132819578,Piloto
38,LMF,8,F25 0813,ICARDA T216003,Rhus ,tripartita (Ucria) Grande,Rhus tripartita (Ucria) Grande,Fabaceae,Fabales,Shrub,0.23570226,0.17315972,3.958723847,3.32189785,0.283692616,Piloto
39,LMF,8,F25 0820,ICARDA T216010,Retama ,raetam (Forssk.) Webb.,Retama raetam (Forssk.) Webb.,Fabaceae,Fabales,Shrub,0.081649658,0.105968346,0.887787969,0.75597886,0.070435209,Piloto
40,LMF,8,F25 0823,ILRI 6529 2 119707,Labalab , purpureues,Labalab purpureues,Fabaceae,Fabales,Legume,0.141421356,0.116185047,6.735914005,6.215064843,0.325814423,Piloto
41,LMF,8,F25 0824,ILRI 10925 3 119708,Arachis , glabrata,Arachis glabrata,Fabaceae,Fabales,Legume,0.124721913,0.079267909,0.890600318,1.120520948,0.06974625,Piloto
42,LMF,8,F25 0825,ILRI 6984 4 119709,Medicago ,sativa,Medicago sativa,Fabaceae,Fabales,Legume,0.778888096,0.440544735,2.734822422,2.15515806,0.120390479,Piloto
43,LMF,8,F25 0837,ILRI 10920 16 119721,Arachis , pintoi,Arachis pintoi,Fabaceae,Fabales,Legume,0.163299316,0.074427163,1.718354799,1.012934504,0.091638863,Piloto
44,LMF,8,F25 0839,ILRI 7049 18 119723,Trifolium repens, repens,Trifolium repens,Fabaceae,Fabales,Legume,0.05,0.072568967,1.532362366,1.905805157,0.175933308,Piloto
45,LMF,8,F25 0873,ILRI 7384 52 120169,Chloris gayana, gayana,Chloris gayana,Poaceae,Poales,Grass,0.05,0.07157087,1.562781167,2.128897621,0.138480107,Piloto
46,LMF,8,F25 0904,CIAT ABC 22752 1,Labalab , purpureues,Labalab purpureues,Fabaceae,Fabales,Legume,1.111555467,0.614023217,6.516540892,2.39961805,0.335815783,Piloto
47,LMF,8,F25 0913,CIAT ABC 1853 1,Stylosanthes , guianensis,Stylosanthes guianensis,Fabaceae,Fabales,Herbaceous,0.169967317,0.091494701,6.463921278,4.116849654,0.367123661,Piloto
48,LMF,8,F25 0914,CIAT ABC 10625 1,Stylosanthes, scabra,Stylosanthes scabra,Fabaceae,Fabales,Herbaceous,0.124721913,0.112081165,7.432243575,6.90093706,0.42752476,Piloto
49,LMF,8,F25 0926,CIAT ABC 6818 1,Panicum , maximum,Panicum maximum,Poaceae,Poales,Grass,0.3,0.083076645,0.661714068,0.312538938,0.00668942,Piloto
50,LMF,8,F25 0845,ILRI 21682 24 119729,Leucaena, pallida,Leucaena pallida,Fabaceae,Fabales,Tree,0.339934634,0.344775406,1.986592784,2.667184287,0.162232221,Piloto
51,LMF,8,F25 0848,ILRI 2273 27 119732,Trifolium ,burchellianum,Trifolium burchellianum,Fabaceae,Fabales,Herbaceous,0.124721913,0.171995024,0.63803741,0.900039819,0.186112179,Piloto
52,LMF,8,F25 0861,ILRI 14539 40 119745,Centrosema , virginianum,Centrosema virginianum,Fabaceae,Fabales,Legume,0.163299316,0.097181877,2.638055876,3.647289187,0.193967737,Piloto
53,LMF,8,F25 0868,ILRI 70 47 120164,Leucaena,leucocephala,Leucaena leucocephala,Fabaceae,Fabales,Tree,0.21602469,0.205995711,6.788910838,10.57996023,0.536673476,Piloto
54,LMF,8,F25 0908,CIAT ABC 22192 1,Leucaena ,diversifolia,Leucaena diversifolia,Fabaceae,Fabales,Tree,0.374165739,0.301961527,0.913729229,1.203499092,0.252884854,Piloto
55,LMF,8,F25 0017,Hohenheimer Heustandard,,,Hohenheimer Heustandard,,,,0.740870359,0.411975593,0.469656375,2.906806425,0.181311652,
56,LMF,8,F25 0018,Homenheim Concentrate,,,Homenheim Concentrate,,,,0.094280904,0.080458719,4.253114816,4.141322055,0.155013085,
57,LMF,8,F25 0019,Sample 8,,,Cynodon nlemfuensis ,,,,0.21602469,0.060069737,1.741621731,2.576632683,0.155468528,
58,Breeding,9,F25 0990,ABC-PM21_0053,Megathyrsus ,maximus,Megathyrsus maximus,Poaceae,Poales,Grass,0.751295178,0.108996312,5.394792714,5.426082584,0.370637735,
59,Breeding,9,F25 0991,ABC-PM21_3550,Megathyrsus ,maximus,Megathyrsus maximus,Poaceae,Poales,Grass,0.77427784,0.281069725,4.10460646,4.451068503,0.287028281,
60,Breeding,9,F25 0992,ABC-PM21_3595,Megathyrsus ,maximus,Megathyrsus maximus,Poaceae,Poales,Grass,0.607565472,0.141015965,3.208149626,3.102143252,0.179218282,
61,Breeding,9,F25 0993,ABC-PM21_0086,Megathyrsus ,maximus,Megathyrsus maximus,Poaceae,Poales,Grass,0.852157755,0.203560281,2.885886149,2.641719939,0.166856297,
62,Breeding,9,F25 0994,ABC-CIAT_16048,Megathyrsus ,maximus,Megathyrsus maximus,Poaceae,Poales,Grass,0.576492628,0.179643589,2.785349529,1.878046096,0.126863033,
63,Breeding,9,F25 0995,ABC-PM21_0185,Megathyrsus ,maximus,Megathyrsus maximus,Poaceae,Poales,Grass,0.776029782,0.159897289,4.010109333,5.955080018,0.37985238,
64,Breeding,9,F25 0996,ABC-PM21_0215,Megathyrsus ,maximus,Megathyrsus maximus,Poaceae,Poales,Grass,0.704132423,0.194170637,3.410448839,3.322401228,0.240574522,
65,Breeding,9,F25 0997,ABC-CIAT_16051,Megathyrsus ,maximus,Megathyrsus maximus,Poaceae,Poales,Grass,0.805536398,0.140514336,4.735708334,5.994905263,0.34769426,
66,Breeding,9,F25 0998,ABC-PM21_6080,Megathyrsus ,maximus,Megathyrsus maximus,Poaceae,Poales,Grass,0.608783446,0.11089737,5.209456155,10.61579115,0.652866728,
67,Breeding,9,F25 0999,ABC-PM21_3684,Megathyrsus ,maximus,Megathyrsus maximus,Poaceae,Poales,Grass,0.57628011,0.16732244,7.72696283,5.975707788,0.461410303,
68,Breeding,9,F25 1000,ABC-PM21_0076,Megathyrsus ,maximus,Megathyrsus maximus,Poaceae,Poales,Grass,0.655649711,0.121598373,8.104233072,15.96576181,0.551004202,
69,Breeding,9,F25 1001,ABC-CIAT_6890,Megathyrsus ,maximus,Megathyrsus maximus,Poaceae,Poales,Grass,0.614636297,0.144247111,3.535476,2.847947003,0.218706469,
70,Breeding,9,F25 1002,ABC-PM21_6638,Megathyrsus ,maximus,Megathyrsus maximus,Poaceae,Poales,Grass,0.580640345,0.242584756,5.24520993,4.919712977,0.373754385,
71,Breeding,9,F25 1003,ABC-PM21_0052,Megathyrsus ,maximus,Megathyrsus maximus,Poaceae,Poales,Grass,0.667406996,0.103526149,3.913850285,3.30213528,0.251101894,
72,Breeding,9,F25 1004,ABC-PM21_4449,Megathyrsus ,maximus,Megathyrsus maximus,Poaceae,Poales,Grass,0.641371986,0.195973941,4.203544067,5.450183197,0.30705677,
73,Breeding,9,F25 1005,ABC-CIAT_6799,Megathyrsus ,maximus,Megathyrsus maximus,Poaceae,Poales,Grass,0.617841723,0.202401618,4.632050339,4.567431765,0.26947101,
74,Breeding,9,F25 1006,ABC-PM21_0055,Megathyrsus ,maximus,Megathyrsus maximus,Poaceae,Poales,Grass,0.64654829,0.118778975,2.578502778,3.92288099,0.269369098,
75,Breeding,9,F25 1007,ABC-PM21_6529,Megathyrsus ,maximus,Megathyrsus maximus,Poaceae,Poales,Grass,0.53748385,0.182334833,5.029381075,2.944617121,0.224660433,
76,Breeding,9,F25 1008,ABC-PM21_0047,Megathyrsus ,maximus,Megathyrsus maximus,Poaceae,Poales,Grass,0.54160256,0.172597707,7.035233443,5.619945142,0.31961315,
77,Breeding,9,F25 1009,ABC-PM21_2195,Megathyrsus ,maximus,Megathyrsus maximus,Poaceae,Poales,Grass,0.40582183,0.160287641,6.989439027,5.585632113,0.368670866,
78,Breeding,9,F25 1010,ABC-PM21_2627,Megathyrsus ,maximus,Megathyrsus maximus,Poaceae,Poales,Grass,0.721281439,0.255766265,1.504359999,2.502932719,0.170301032,
79,Breeding,9,F25 1011,ABC-PM21_0059,Megathyrsus ,maximus,Megathyrsus maximus,Poaceae,Poales,Grass,0.718021974,0.091227415,6.466551364,8.676580286,0.495857057,
80,Breeding,9,F25 1012,ABC-PM21_3522,Megathyrsus ,maximus,Megathyrsus maximus,Poaceae,Poales,Grass,0.537713495,0.179452042,6.809287348,8.1812446,0.509631858,
81,Breeding,9,F25 1013,ABC-PM21_0062,Megathyrsus ,maximus,Megathyrsus maximus,Poaceae,Poales,Grass,0.512317417,0.20080326,1.997738708,4.223665439,0.249025006,
82,Breeding,9,F25 1014,ABC-PM21_0906,Megathyrsus ,maximus,Megathyrsus maximus,Poaceae,Poales,Grass,0.53748385,0.233133305,4.08543851,2.012749449,0.161856068,
83,Genetic bank,9,F24 3501,ABC-19213-1,Clitoria,ternatea,Clitoria ternatea,Fabaceae,Fabales,Climber,0.412160822,0.197291602,7.302971914,3.740343034,0.442837077,
84,Genetic bank,9,F24 3502,ABC-19421-1,Uraria,lagopodioides,Uraria lagopodioides,Fabaceae,Fabales,Herbaceous,0.221108319,0.132216941,3.046296415,2.25404937,0.294738142,
85,Genetic bank,9,F24 3503,ABC-19566-1,Tephrosia,noctiflora,Tephrosia noctiflora,Fabaceae,Fabales,Shrub,0.219988776,0.097035438,4.395489222,3.01759831,0.340432894,
86,Genetic bank,9,F24 3504,ABC-19667-1,Indigofera,hirsuta,Indigofera hirsuta,Fabaceae,Fabales,Herbaceous,0.249443826,0.145410676,2.451099188,3.131986552,0.417281464,
87,Genetic bank,9,F24 3505,ABC-19673-1,Alysicarpus,rugosus,Alysicarpus rugosus,Fabaceae,Fabales,Herbaceous,0.489393679,0.202965377,2.230927201,3.624427104,0.284576229,
88,LMF,9,F25 0017,Hohenheimer Heustandard,,,Hohenheimer Heustandard,,,,0.431477508,0.398427591,3.362927835,2.64483852,0.153358247,
89,LMF,9,F25 0018,Homenheim Concentrate,,,Homenheim Concentrate,,,,0.322413736,0.203259417,4.227466615,5.240486083,0.211217943,
90,LMF,9,F25 0019,Sample 8,,,Cynodon nlemfuensis ,,,,0.555777733,0.144858431,6.56330052,6.371945958,0.468322724,
91,Genetic bank,10,F24-3506,ABC-19895-1,,,Aeschynomene americana,Fabaceae,Fabales,Herbaceous,0.598351645,0.327962811,11.3005373,6.943844341,0.847155535,
92,Genetic bank,10,F24-3507,ABC-20093-1,,,Canavalia sp.,Fabaceae,Fabales,Climber,0.213148068,0.154906491,4.080061086,4.285640889,0.487844918,
93,Genetic bank,10,F24-3508,ABC-20113-1,,,Canavalia sp.,Fabaceae,Fabales,Climber,0.423681688,0.283103494,4.367279562,3.247528147,0.305884713,
94,Genetic bank,10,F24-3509,ABC-20125-1,,,Coursetia caribaea,Fabaceae,Fabales,Herbaceous,0.326598632,0.459348226,3.310397387,5.660970047,0.665745508,
95,Genetic bank,10,F24-3510,ABC-20298-1,,,Canavalia sp.,Fabaceae,Fabales,Climber,0.292287699,0.833689261,4.396920043,5.798407154,0.614813801,
96,Genetic bank,10,F24-3511,ABC-20305-1,,,Canavalia sp.,Fabaceae,Fabales,Climber,0.440818543,0.704984759,4.039706231,8.304992646,1.779059725,
97,Genetic bank,10,F24-3512,ABC-20803-1,,,Canavalia sp.,Fabaceae,Fabales,Climber,0.253859104,0.31470849,6.232124712,7.595893669,0.632560501,
98,Genetic bank,10,F24-3513,ABC-21031-1,,,Christia obcordata,Fabaceae,Fabales,Climber,0.163299316,0.355312024,6.357261445,7.337696406,0.765232453,
99,Genetic bank,10,F24-3514,ABC-21128-1,,,Crotalaria pallida,Fabaceae,Fabales,Herbaceous,0.394405319,1.22172701,3.732024794,4.97410608,0.480844427,
100,Genetic bank,10,F24-3515,ABC-21212-1,,,Canavalia sp.,Fabaceae,Fabales,Climber,0.206080411,1.116355079,4.38435623,6.383481817,0.450449704,
101,Genetic bank,10,F24-3516,ABC-21263-1,,,Sesbania rostrata,Fabaceae,Fabales,Shrub,0.335915921,0.519787469,4.98889924,7.147714336,0.667982403,
102,Genetic bank,10,F24-3517,ABC-21514-1,,,Desmanthus virgatus,Fabaceae,Fabales,Shrub,0.279329002,0.428204708,7.336960507,17.4659344,1.260320143,
103,Genetic bank,10,F24-3518,ABC-21565-1,,,Chamaecrista rotundifolia,Fabaceae,Fabales,Herbaceous,0.176383421,0.405623711,4.549288996,7.570342403,0.627782304,
104,Genetic bank,10,F24-3519,ABC-21709-1,,,Crotalaria juncea,Fabaceae,Fabales,Herbaceous,0.311903752,0.219039902,4.598185234,5.563011052,0.529764845,
105,Genetic bank,10,F24-3520,ABC-22286-1,,,Crotalaria micans,Fabaceae,Fabales,Herbaceous,0.3022549,0.190413536,6.746467046,5.628517805,0.523183248,
106,Genetic bank,10,F24-3521,ABC-22475-1,,,Alysicarpus rugosus,Fabaceae,Fabales,Herbaceous,0.205480467,0.340321854,3.809152711,7.205867075,0.536105996,
107,Genetic bank,10,F24-3522,ABC-22481-1,,,Sesbania cochinchinensis,Fabaceae,Fabales,Shrub,0.381355607,0.153447467,5.134500501,4.221853037,0.601341249,
108,Genetic bank,10,F24-3523,ABC-22520-1,,,Arachis pusilla,Fabaceae,Fabales,Herbaceous,0.435748257,0.380148512,8.834487392,7.083999073,0.593734496,
109,Genetic bank,10,F24-3524,ABC-22570-1,,,Desmanthus bicornutus,Fabaceae,Fabales,Shrub,0.3230712,1.105719028,2.893356125,7.928459323,1.943783838,
110,Genetic bank,10,F24-3525,ABC-22594-1,,,Desmanthus pernambucanus,Fabaceae,Fabales,Shrub,0.326976422,0.498611853,6.024414845,4.860098773,0.476738702,
111,Genetic bank,10,F24-3526,ABC-22754-1,,,Lablab purpureus,Fabaceae,Fabales,Climber,0.286138079,0.292969599,4.73445961,4.022719746,0.286592755,
112,Genetic bank,10,F24-3527,ABC-22915-1,,,Aeschynomene villosa,Fabaceae,Fabales,Herbaceous,0.264341717,0.247827144,7.436701399,2.865803981,0.233718939,
113,Genetic bank,10,F24-3528,ABC-23259-1,,,Desmodium gangeticum,Fabaceae,Fabales,Shrub,0.370599177,0.111401557,4.363688932,4.322384519,0.501784226,
114,Genetic bank,10,F24-3529,ABC-23339-1,,,Desmodium gangeticum,Fabaceae,Fabales,Shrub,0.343547219,0.215348243,5.183635611,4.868861059,0.62742195,
115,Genetic bank,10,F24-3530,ABC-23761-1,,,Uraria picta,Fabaceae,Fabales,Herbaceous,0.211403307,0.347840484,3.311833689,6.821221241,0.765745844,
116,Genetic bank,10,F24-3531,ABC-24360-1,,,Vigna umbellata,Fabaceae,Fabales,Climber,0.288461222,0.250500833,6.012146142,3.471322762,0.375254413,
117,Genetic bank,10,F24-3532,ABC-24466-1,,,Vigna umbellata,Fabaceae,Fabales,Herbaceous,0.362092683,0.259015418,10.35863203,6.515148122,1.083312726,
118,Genetic bank,10,F24-3533,ABC-32246-1,,,Chamaecrista nictitans,Fabaceae,Fabales,Herbaceous,0.352066212,0.49291434,6.091750029,10.05516535,0.777251042,
119,Genetic bank,10,F24-3534,ABC-32365-1,,,Desmanthus virgatus,Fabaceae,Fabales,Shrub,0.187082869,0.790853872,3.288303063,7.47677904,0.635144864,
120,Genetic bank,10,F24-3535,ABC-32373-1,,,Desmanthus pubescens,Fabaceae,Fabales,Shrub,0.377450839,0.647551655,6.042163511,5.861102031,0.942242853,
121,LMF,10,F25 0017,Hohenheimer Heustandard,,,Hohenheimer Heustandard,Forage,Forage,Forage,0.544144971,0.601236714,4.857871804,13.02348706,0.720420321,
122,LMF,10,F25 0018,Homenheim Concentrate,,,Homenheim Concentrate,Concentrate,Concentrate,Concentrate,0.349776714,0.524041515,6.900367076,12.53504149,0.57500254,
123,LMF,10,F25 0019,Sample 8,,,Cynodon nlemfuensis ,Poaceae,Poales,Grasses,0.582035593,0.228205317,7.442170349,20.79103843,0.823987002,
124,LMF,11,F25-0769,AMC-ICARDA-156302,,,Trifolium repens,Fabaceae,Fabales,Legume,0.124721913,0.05631216,9.117640013,4.951678579,0.389218277,
125,LMF,11,F25-0848,ILRI-2273-27,,,Trifolium burchellianum,Fabaceae,Fabales,Legume,0,0.035018565,2.527214532,2.108021029,0.433971692,
126,LMF,11,F25-0845,ILRI-21682-24,,,Leucaena pallida,Fabaceae,Fabales,Tree,0.496655481,0.296982548,2.450689295,7.490079125,0.227191029,
127,LMF,11,F25-0907,ABC-17488-1,,,Leucaena leucocephala,Fabaceae,Fabales,Tree,0.081649658,0.051215037,7.993830944,9.701403897,0.547358546,
128,LMF,11,F25-0863,ILRI-10299-42,,,Erythrina abyssinica,0,0,0,0.047140452,0.143353098,3.221512094,16.20154457,0.505166591,
129,LMF,11,F25-0897,ABC-21694-1,,,Erythrina velutina,0,0,0,0.188561808,0.100847744,4.818298916,4.825550371,0.365753567,
130,LMF,11,F25-0878,ILRI-7153-57,,,Panicum coloratum,0,0,0,0.047140452,2.784275567,2.489765203,12.36773378,0.194645039,
131,LMF,11,F25-0850,ILRI-13946-29,,,Stylosanthes fructicosa,Fabaceae,Fabales,Herbaceous,1.25607E-15,0.095490836,1.221464875,0.719725032,0.016556693,
132,LMF,11,F25-0773,AMC-ICARDA-168125,,,Lathyrus sylvestris,0,0,0,0.286744176,0.116834624,7.198442078,9.121706651,0.561420966,
133,LMF,11,F25-0798,ICARDA-IFLA-ENT27,,,Lathyrus sativus,0,0,0,0.163299316,0.119944166,4.69931993,5.202509738,0.220097852,
134,LMF,11,F25-0814,ICARDA-T-216004,,,Vicia narbonensis L.,0,0,0,0.047140452,0.078879641,4.00989121,4.067960931,0.233064362,
135,LMF,11,F25-0770,AMC-ICARDA-165072,,,Vicia tenuifolia,0,0,0,0.094280904,0.092099609,3.24246443,3.308528182,0.169177463,
136,LMF,11,F25-0891,ABC-23890-1,,,Desmodium heterocarpon,Fabaceae,Fabales,0,0.282842712,0.241936735,2.100448996,5.292373706,0.290535591,
137,LMF,11,F25-0893,ABC-43253-1,,,Desmodium scorpiurus,Fabaceae,Fabales,0,0.262466929,0.030390071,2.158205187,1.393096805,0.077033582,
138,LMF,11,F25-0873,ILRI-7384-52,,,Chloris gayana,0,0,0,0.262466929,0.048285319,5.949666798,5.493973768,0.294330069,
139,LMF,11,F25-0924,ABC-16666-1,,,Chloris gayana,0,0,0,0.262466929,0.114254586,3.469124438,4.967885864,0.224212109,
140,LMF,11,F25-0923,ABC-36099-1,,,Cenchrus ciliaris,0,0,0,0.496655481,0.067687325,3.196810945,3.388251721,0.266406093,
141,LMF,11,F25-0874,ILRI-16791-53,,,Cenchrus Purpureues,0,0,0,0.355902608,0.160234227,7.263587316,19.84461926,0.52750786,
142,LMF,11,F25-0867,ILRI-20145-46,,,Flemingia macrophylla,0,0,0,0.081649658,0.045552058,2.192638145,18.46412122,0.290617323,
143,LMF,11,F25-0899,ABC-32055-1,,,Flemingia macrophylla,0,0,0,0.249443826,0.225178947,2.376948847,9.730863619,0.266834159,
144,LMF,11,F25-0883,ABC-20893-1,,,Cajanus cajan,Fabaceae,Fabales,Browse,0.43204938,0.351508482,5.047547913,10.40897022,0.66633241,
145,LMF,11,F25-0869,ILRI-16555-48,,,Cajanus cajan,Fabaceae,Fabales,Browse,0.496655481,0.288367924,7.93334584,41.07440623,0.754712687,
146,LMF,11,F25-0818,ICARDA-T-216008,,,Hedysarum coronarium L.,0,0,0,0.188561808,0.148743982,2.264207948,1.328656133,0.115413786,
147,LMF,11,F25-0819,ICARDA-T-216009,,,Hedysarum carnosum Desf.,0,0,0,0.094280904,0.185410115,4.199641719,1.911780121,0.229612927,
148,LMF,11,F25-0001,Sample 1,,,Cynodon nlemfuensis ,Poaceae,Poales,Grass,0.294392029,0.102331159,9.345325594,51.38721922,0.608592384,
149,LMF,11,F25-0002,Sample 2,,,Cynodon nlemfuensis ,Poaceae,Poales,Grass,0.169967317,0.12079986,13.03201726,12.89817976,0.937594995,
150,LMF,11,F25-0003,Sample 3,,,Cynodon nlemfuensis ,Poaceae,Poales,Grass,0.081649658,0.260693665,2.185998753,4.33565069,0.130104014,
151,LMF,11,F25-0004,Sample 4,,,Cynodon nlemfuensis ,Poaceae,Poales,Grass,0.169967317,0.149248826,2.502716739,2.9582301,0.129782593,
152,LMF,11,F25-0005,Sample 5,,,Cynodon nlemfuensis ,Poaceae,Poales,Grass,0.169967317,0.102547534,7.03291384,17.44309682,0.510554951,
153,LMF,11,F25-0006,Sample 6,,,Cynodon nlemfuensis ,Poaceae,Poales,Grass,0.141421356,0.039142028,7.671855884,17.84434587,0.53822574,
154,LMF,11,F25-0007,Sample 7,,,Cynodon nlemfuensis ,Poaceae,Poales,Grass,0.21602469,0.277769491,6.880223742,20.6830554,0.47267356,
155,LMF,11,F25 0017,Hohenheimer Heustandard,,,Hohenheimer Heustandard,Forage,Forage,Forage,0.205480467,0.070720816,10.10712416,15.90364192,0.455418497,
156,LMF,11,F25 0018,Homenheim Concentrate,,,Homenheim Concentrate,Concentrate,Concentrate,Concentrate,0.163299316,0.39707749,1.255127591,1.508401958,0.060784235,
