subset,id_lab,id,tax_name,functional_group,ch4_percentage_in_gas_8h,ch4_percentage_in_gas_24h,methane_intensity,tddm
1,F24-3469,ABC-10647,Stylosanthes scabra,Herbaceous_legumes,15.9,18.79,48.31,67.34
1,F24-3470,ABC-11194,Stylosanthes hamata,Herbaceous_legumes,15.17,18.02,46.12,59.25
1,F24-3471,ABC-11999,Stylosanthes guianensis,Herbaceous_legumes,12.98,16.25,46.61,58.55
1,F24-3472,ABC-12318,Stylosanthes hamata,Herbaceous_legumes,13.99,16.96,52.27,56.88
1,F24-3427,ABC-1257,Stylosanthes scabra,Herbaceous_legumes,14.53,16.4,43.29,58.67
1,F24-3473,ABC-13575,Desmodium incanum,Herbaceous_legumes,13.6,16.23,42.43,42.85
1,F24-3474,ABC-13609,Desmodium incanum,Herbaceous_legumes,13.66,16.31,46.39,38.4
1,F24-3475,ABC-15551,Centrosema molle,Herbaceous_legumes,14.79,17.49,50.03,49.72
1,F25-0924,ABC-16666,Chloris gayana,,13.27,15.56,58.31,43.52
1,F24-3476,ABC-17024,Desmanthus pernambucanus,Shrub_Trees,14.17,16.84,46.29,40.14
1,F24-3477,ABC-17091,Crotalaria micans,Herbaceous_legumes,15.17,17.47,48.83,66.12
1,F24-3478,ABC-17365,Clitoria ternatea,Herbaceous_legumes,15.12,17.56,51.29,63.39
1,F24-3479,ABC-17451,Canavalia sp.,Herbaceous_legumes,12.8,15.61,37.55,62.07
1,F25-0907,ABC-17488,Leucaena leucocephala,Shrub_Trees,11.2,12.94,46.4,42.03
1,F24-3480,ABC-17775,Christia obcordata,Herbaceous_legumes,15.26,18.43,55.22,59.09
1,F24-3481,ABC-18016,Sesbania emerus,Shrub_Trees,14.23,15.96,42.47,50.31
1,F24-3482,ABC-18044,Christia sp.,Herbaceous_legumes,15.06,18.25,47.47,58.33
1,F24-3483,ABC-18288,Sesbania exasperata,Shrub_Trees,14.7,16.94,48.91,55.66
1,F24-3484,ABC-18447,Clitoria ternatea,Herbaceous_legumes,14.51,16.92,53.02,55.28
1,F24-3485,ABC-18455,Christia obcordata,Herbaceous_legumes,15.41,18.54,54.18,59.86
1,F24-3486,ABC-18707,Crotalaria pallida,Herbaceous_legumes,16.06,21.49,60.94,53.89
1,F24-3487,ABC-18749,Arachis pintoi,Herbaceous_legumes,11.69,15.84,36.23,61.12
1,F24-3488,ABC-18813,Crotalaria nitens,Herbaceous_legumes,13.41,16.45,38.58,51.23
1,F24-3489,ABC-18848,Alysicarpus rugosus,Herbaceous_legumes,14.5,16.9,34.19,57.17
1,F24-3490,ABC-18862,Alysicarpus rugosus,Herbaceous_legumes,15.2,17.3,44.91,49.62
1,F24-3491,ABC-18931,Tephrosia linearis,Shrub_Trees,14.06,16.35,42.05,49.75
1,F24-3492,ABC-19038,Canavalia sp.,Shrub_Trees,14.78,17.6,43.52,63.37
1,F24-3493,ABC-19118,Alysicarpus rugosus,Herbaceous_legumes,15.71,17.7,44.5,59.74
1,F24-3494,ABC-19127,Alysicarpus rugosus,Herbaceous_legumes,15.48,17.96,49.24,48.76
1,F24-3495,ABC-19128,Alysicarpus rugosus,Herbaceous_legumes,15.19,17.68,49.01,46.81
1,F24-3496,ABC-19129,Alysicarpus rugosus,Herbaceous_legumes,15.91,18.28,49.18,49.9
1,F24-3497,ABC-19133,Alysicarpus rugosus,Herbaceous_legumes,15.61,18.06,55.12,48.23
1,F24-3498,ABC-19137,Alysicarpus rugosus,Herbaceous_legumes,15.31,17.59,48.49,53.2
1,F24-3499,ABC-19138,Alysicarpus rugosus,Herbaceous_legumes,15.26,17.55,43.21,54.86
1,F24-3500,ABC-19139,Alysicarpus ovalifolius,Herbaceous_legumes,14.24,17.2,39.74,52.41
1,F24-3501,ABC-19213,Clitoria ternatea,Herbaceous_legumes,14.99,16.09,39.14,63.66
1,F24-3502,ABC-19421,Uraria lagopodioides,Herbaceous_legumes,14.13,15.13,33.82,54.27
1,F24-3503,ABC-19566,Tephrosia noctiflora,Shrub_Trees,15.42,16.28,37.31,64.11
1,F24-3504,ABC-19667,Indigofera hirsuta,Herbaceous_legumes,13.07,14.31,32.52,44.81
1,F24-3505,ABC-19673,Alysicarpus rugosus,Herbaceous_legumes,14.38,15.9,43.95,51.27
1,F24-3506,ABC-19895,Aeschynomene americana,Herbaceous_legumes,14.14,15.62,38.27,67.43
1,F24-3507,ABC-20093,Canavalia sp.,Herbaceous_legumes,14.71,15.94,37.98,65.75
1,F24-3508,ABC-20113,Canavalia sp.,Herbaceous_legumes,13.02,15.11,38.26,65.3
1,F24-3509,ABC-20125,Coursetia caribaea,Herbaceous_legumes,15.43,17.01,40.0,57.96
1,F24-3510,ABC-20298,Canavalia sp.,Herbaceous_legumes,13.89,15.34,39.36,56.36
1,F24-3511,ABC-20305,Canavalia sp.,Herbaceous_legumes,12.71,14.72,35.46,62.07
1,F24-3512,ABC-20803,Canavalia sp.,Herbaceous_legumes,13.8,15.98,42.61,55.7
1,F25-0883,ABC-20893,Cajanus cajan,Browse,12.5,14.29,48.35,22.14
1,F24-3513,ABC-21031,Christia obcordata,Herbaceous_legumes,13.8,15.58,37.14,55.29
1,F24-3514,ABC-21128,Crotalaria pallida,Herbaceous_legumes,15.13,17.95,47.36,53.1
1,F24-3515,ABC-21212,Canavalia sp.,Herbaceous_legumes,13.34,16.14,40.3,66.3
1,F24-3516,ABC-21263,Sesbania rostrata,Shrub_Trees,14.32,15.06,37.31,60.43
1,F24-3517,ABC-21514,Desmanthus virgatus,Shrub_Trees,13.74,15.01,46.93,35.54
1,F24-3518,ABC-21565,Chamaecrista rotundifolia,Herbaceous_legumes,12.47,14.73,39.86,57.7
1,F25-0897,ABC-21694,Erythrina velutina,,14.23,16.08,48.88,53.97
1,F24-3519,ABC-21709,Crotalaria juncea,Herbaceous_legumes,14.92,15.88,42.07,57.17
1,F24-3520,ABC-22286,Crotalaria micans,Herbaceous_legumes,14.86,15.96,43.2,59.54
1,F24-3521,ABC-22475,Alysicarpus rugosus,Herbaceous_legumes,14.0,15.47,44.51,43.56
1,F24-3522,ABC-22481,Sesbania cochinchinensis,Shrub_Trees,13.89,14.44,31.77,51.99
1,F24-3523,ABC-22520,Arachis pusilla,Herbaceous_legumes,13.09,14.92,40.72,51.33
1,F24-3524,ABC-22570,Desmanthus bicornutus,Shrub_Trees,13.38,14.61,24.79,36.77
1,F24-3525,ABC-22594,Desmanthus pernambucanus,Shrub_Trees,13.66,14.94,35.36,38.96
1,F24-3526,ABC-22754,Lablab purpureus,Herbaceous_legumes,13.58,15.12,43.14,51.68
1,F24-3527,ABC-22915,Aeschynomene villosa,Herbaceous_legumes,13.71,15.35,41.67,58.09
1,F24-3528,ABC-23259,Desmodium gangeticum,Shrub_Trees,15.42,16.83,37.41,51.49
1,F24-3529,ABC-23339,Desmodium gangeticum,Shrub_Trees,15.24,16.87,35.07,53.81
1,F24-3530,ABC-23761,Uraria picta,Herbaceous_legumes,12.26,13.68,33.56,44.14
1,F25-0891,ABC-23890,Desmodium heterocarpon,,12.7,13.33,49.87,21.8
1,F24-3531,ABC-24360,Vigna umbellata,Herbaceous_legumes,13.99,15.44,37.12,52.16
1,F24-3532,ABC-24466,Vigna umbellata,Herbaceous_legumes,13.63,14.71,31.71,61.87
1,F25-0899,ABC-32055,Flemingia macrophylla,,13.07,13.92,71.28,15.46
1,F24-3533,ABC-32246,Chamaecrista nictitans,Herbaceous_legumes,13.48,15.7,46.27,42.36
1,F24-3534,ABC-32365,Desmanthus virgatus,Shrub_Trees,12.93,14.73,37.06,35.6
1,F24-3535,ABC-32373,Desmanthus pubescens,Shrub_Trees,12.34,14.13,31.7,42.56
1,F24-3428,ABC-3240,Desmodium cinereum,Herbaceous_legumes,17.96,18.55,39.06,56.51
1,F24-3429,ABC-3522,Desmodium incanum,Herbaceous_legumes,15.64,17.48,39.25,37.71
1,F25-0923,ABC-36099,Cenchrus ciliaris,,14.0,16.71,47.56,50.72
1,F24-3430,ABC-4134,Macroptilium lathyroides,Herbaceous_legumes,16.37,17.99,42.33,66.52
1,F24-3431,ABC-4279,Vigna umbellata,Herbaceous_legumes,16.66,17.91,41.87,70.2
1,F25-0893,ABC-43253,Desmodium scorpiurus,,15.47,16.41,55.84,49.54
1,F24-3432,ABC-5124,Centrosema molle x acutifolium,Herbaceous_legumes,16.04,17.43,36.76,58.03
1,F24-3433,ABC-5234,Centrosema brasilianum,Herbaceous_legumes,14.16,16.17,37.63,61.53
1,F24-3416,ABC-705,Indigofera suffruticosa,Herbaceous_legumes,14.26,17.35,31.84,74.34
1,F24-3417,ABC-707,Alysicarpus ovalifolius,Herbaceous_legumes,13.54,16.25,36.44,65.97
1,F24-3418,ABC-712,Clitoria ternatea,Herbaceous_legumes,12.57,14.79,40.73,62.66
1,F24-3434,ABC-7292,Chamaecrista desvauxii,Herbaceous_legumes,14.51,16.05,36.64,48.53
1,F24-3435,ABC-7317,Canavalia sp.,Herbaceous_legumes,14.86,16.36,32.97,69.48
1,F24-3436,ABC-7322,Canavalia sp.,Herbaceous_legumes,15.95,17.8,39.25,74.78
1,F24-3437,ABC-7339,Indigofera lespedezioides,Herbaceous_legumes,15.14,16.95,32.89,54.07
1,F24-3438,ABC-7469,Clitoria ternatea,Herbaceous_legumes,15.82,17.0,42.97,66.23
1,F24-3419,ABC-749,Crotalaria juncea,Herbaceous_legumes,14.03,15.59,35.43,65.15
1,F24-3439,ABC-7643,Desmanthus pernambucanus,Shrub_Trees,15.45,16.95,42.3,47.11
1,F24-3420,ABC-768,Clitoria ternatea,Herbaceous_legumes,13.49,15.73,39.08,64.82
1,F24-3440,ABC-7703,Aeschynomene indica,Herbaceous_legumes,15.29,16.22,40.57,57.76
1,F24-3441,ABC-7714,Alysicarpus glumaceus,Herbaceous_legumes,15.09,16.6,36.76,64.72
1,F24-3421,ABC-772,Clitoria ternatea,Herbaceous_legumes,13.46,14.99,37.92,65.1
1,F24-3442,ABC-7757,Clitoria ternatea,Herbaceous_legumes,15.67,17.25,46.06,64.37
1,F24-3443,ABC-7759,Clitoria ternatea,Herbaceous_legumes,15.8,16.82,47.01,64.84
1,F24-3444,ABC-7790,Crotalaria pallida,Herbaceous_legumes,16.07,18.89,46.83,61.25
1,F24-3445,ABC-7792,Chamaecrista rotundifolia,Herbaceous_legumes,14.69,16.83,40.68,65.8
1,F24-3446,ABC-7816,Indigofera spicata,Herbaceous_legumes,13.37,15.95,32.93,65.79
1,F24-3447,ABC-7858,Crotalaria incana,Herbaceous_legumes,14.73,16.32,38.79,75.03
1,F24-3448,ABC-7972,Canavalia brasiliensis,Herbaceous_legumes,13.76,16.13,35.17,68.52
1,F24-3422,ABC-819,Indigofera suffruticosa,Herbaceous_legumes,14.22,16.94,39.4,60.93
1,F24-3449,ABC-8205,Indigofera suffruticosa,Herbaceous_legumes,16.87,18.02,36.31,63.4
1,F24-3450,ABC-8402,Indigofera suffruticosa,Herbaceous_legumes,16.26,17.93,35.27,64.85
1,F24-3451,ABC-8408,Chamaecrista nictitans,Herbaceous_legumes,15.03,18.27,50.04,48.31
1,F24-3452,ABC-8409,Chamaecrista nictitans,Herbaceous_legumes,15.29,18.6,42.31,52.95
1,F24-3453,ABC-8719,Canavalia sp. ,Herbaceous_legumes,14.29,16.47,34.19,69.74
1,F24-3454,ABC-8797,Desmanthus virgatus,Shrub_Trees,13.23,15.52,37.41,49.41
1,F24-3455,ABC-8819,Coursetia caribaea,Herbaceous_legumes,16.19,17.87,38.36,65.65
1,F24-3423,ABC-905,Canavalia brasiliensis,Herbaceous_legumes,12.08,15.4,40.88,63.42
1,F24-3424,ABC-913,Cajanus cajan,Shrub_Trees,13.53,16.14,32.83,60.86
1,F24-3456,ABC-9170,Indigofera lespedezioides,Herbaceous_legumes,15.12,16.69,38.2,42.54
1,F24-3457,ABC-9254,Crotalaria pallida,Herbaceous_legumes,18.25,20.76,52.29,59.58
1,F24-3458,ABC-9283,Crotalaria pallida,Herbaceous_legumes,18.13,20.82,50.83,60.12
1,F24-3459,ABC-9288,Indigofera suffruticosa,Herbaceous_legumes,19.38,22.66,49.11,68.02
1,F24-3460,ABC-9336,Clitoria ternatea,Herbaceous_legumes,18.63,20.19,50.58,69.15
1,F24-3461,ABC-9349,Mucuna pruriens,Herbaceous_legumes,17.35,18.52,43.23,56.47
1,F24-3462,ABC-9356,Tephrosia noctiflora,Shrub_Trees,18.7,20.48,49.48,53.77
1,F24-3463,ABC-9432,Clitoria ternatea,Herbaceous_legumes,17.47,18.95,54.34,55.33
1,F24-3464,ABC-9433,Clitoria ternatea,Herbaceous_legumes,17.95,19.36,46.43,61.82
1,F24-3465,ABC-9435,Desmanthus pubescens,Shrub_Trees,16.03,18.91,44.69,43.26
1,F24-3466,ABC-9530,Crotalaria maypurensis,Herbaceous_legumes,17.02,19.21,51.12,68.2
1,F24-3425,ABC-955,Clitoria ternatea,Herbaceous_legumes,12.82,14.54,45.45,59.65
1,F24-3467,ABC-9562,Eriosema diffusum,Herbaceous_legumes,16.7,18.01,40.6,35.83
1,F24-3426,ABC-989,Indigofera hirsuta,Herbaceous_legumes,14.92,15.99,29.71,50.48
1,F24-3468,ABC-9982,Crotalaria incana,Herbaceous_legumes,17.05,19.0,47.26,72.64
1,F24-3602,ABC-BH08_1149,Brachiaria humidicola,Grass,16.71,18.65,55.06,58.29
1,F24-3606,ABC-BH16B_0733,Brachiaria humidicola,Grass,16.61,18.55,54.65,57.87
1,F24-3607,ABC-BH16B_0741,Brachiaria humidicola,Grass,16.41,18.67,53.66,58.82
1,F24-3608,ABC-BH16B_1194,Brachiaria humidicola,Grass,15.93,17.98,56.09,57.89
1,F24-3609,ABC-BH16B_1618,Brachiaria humidicola,Grass,16.37,17.53,49.87,55.96
1,F24-3610,ABC-BH16B_1707,Brachiaria humidicola,Grass,15.83,17.95,58.33,56.99
1,F24-3603,ABC-BH16_0550,Brachiaria humidicola,Grass,16.28,18.26,58.06,56.56
1,F24-3604,ABC-BH16_0562,Brachiaria humidicola,Grass,15.79,18.02,57.88,56.42
1,F24-3605,ABC-BH16_3249,Brachiaria humidicola,Grass,16.17,18.16,55.41,59.07
1,F24-3582,ABC-BR02_1752,Brachiaria interespecifico,Grass,13.98,14.61,33.83,67.39
1,F24-3583,ABC-BR02_1794,Brachiaria interespecifico,Grass,13.79,14.51,35.77,63.97
1,F24-3584,ABC-BR06_0423,Brachiaria interespecifico,Grass,13.06,14.39,34.29,64.5
1,F24-3585,ABC-BR09_1232,Brachiaria interespecifico,Grass,13.71,14.37,36.04,66.64
1,F24-3586,ABC-BR12_4951,Brachiaria interespecifico,Grass,14.34,15.02,35.76,65.93
1,F24-3587,ABC-BR15_0722,Brachiaria interespecifico,Grass,14.28,14.74,36.15,60.89
1,F24-3588,ABC-BR15_6487,Brachiaria interespecifico,Grass,14.01,14.41,36.06,61.15
1,F24-3589,ABC-BR19_0029,Brachiaria interespecifico,Grass,13.78,14.87,38.23,62.0
1,F24-3590,ABC-BR19_0423,Brachiaria interespecifico,Grass,13.93,14.41,37.16,63.48
1,F25-0994,ABC-CIAT_16048,Megathyrsus maximus,Grass,15.06,16.67,48.72,48.5
1,F25-0997,ABC-CIAT_16051,Megathyrsus maximus,Grass,14.93,16.89,53.87,45.79
1,F24-3611,ABC-CIAT_16888,Brachiaria humidicola,Grass,16.38,18.25,62.67,53.26
1,F25-1005,ABC-CIAT_6799,Megathyrsus maximus,Grass,14.92,16.22,51.97,42.1
1,F25-1001,ABC-CIAT_6890,Megathyrsus maximus,Grass,14.33,16.21,47.38,52.75
1,F24-3591,ABC-CIAT_6962,Megathyrsus maximus,Grass,14.82,15.87,40.73,56.51
1,F24-3592,ABC-Mulato_II,Brachiaria interespecifico,Grass,14.21,14.64,34.27,65.32
1,F25-1008,ABC-PM21_0047,Megathyrsus maximus,Grass,14.43,16.14,50.93,48.46
1,F25-1003,ABC-PM21_0052,Megathyrsus maximus,Grass,14.21,16.2,47.43,50.41
1,F25-0990,ABC-PM21_0053,Megathyrsus maximus,Grass,14.63,16.41,49.04,51.43
1,F25-1006,ABC-PM21_0055,Megathyrsus maximus,Grass,14.16,16.3,49.43,46.4
1,F25-1011,ABC-PM21_0059,Megathyrsus maximus,Grass,14.2,16.39,48.85,49.0
1,F25-1013,ABC-PM21_0062,Megathyrsus maximus,Grass,13.96,15.8,51.57,45.38
1,F25-1000,ABC-PM21_0076,Megathyrsus maximus,Grass,14.89,16.81,56.0,47.61
1,F25-0993,ABC-PM21_0086,Megathyrsus maximus,Grass,14.82,16.59,51.77,45.62
1,F25-0995,ABC-PM21_0185,Megathyrsus maximus,Grass,14.37,16.5,50.84,46.89
1,F24-3593,ABC-PM21_0215,Megathyrsus maximus,Grass,14.73,16.37,47.15,51.02
1,F24-3594,ABC-PM21_0631,Megathyrsus maximus,Grass,14.13,15.82,43.25,57.12
1,F25-1014,ABC-PM21_0906,Megathyrsus maximus,Grass,13.73,15.55,43.95,48.6
1,F24-3595,ABC-PM21_2195,Megathyrsus maximus,Grass,14.32,15.85,46.88,50.39
1,F25-1010,ABC-PM21_2627,Megathyrsus maximus,Grass,14.24,15.97,43.9,47.9
1,F24-3596,ABC-PM21_3522,Megathyrsus maximus,Grass,14.07,15.76,45.99,51.2
1,F24-3597,ABC-PM21_3534,Megathyrsus maximus,Grass,17.12,18.84,50.14,58.31
1,F24-3598,ABC-PM21_3537,Megathyrsus maximus,Grass,17.09,19.29,50.43,65.81
1,F24-3599,ABC-PM21_3545,Megathyrsus maximus,Grass,16.87,18.98,51.18,58.21
1,F25-0991,ABC-PM21_3550,Megathyrsus maximus,Grass,14.62,16.61,50.76,45.11
1,F25-0992,ABC-PM21_3595,Megathyrsus maximus,Grass,14.84,16.26,50.57,45.29
1,F24-3600,ABC-PM21_3670,Megathyrsus maximus,Grass,16.6,18.79,48.38,58.76
1,F25-0999,ABC-PM21_3684,Megathyrsus maximus,Grass,14.59,16.22,47.31,53.76
1,F25-1004,ABC-PM21_4449,Megathyrsus maximus,Grass,14.56,16.39,52.89,42.72
1,F25-0998,ABC-PM21_6080,Megathyrsus maximus,Grass,15.08,16.84,50.46,45.89
1,F25-1007,ABC-PM21_6529,Megathyrsus maximus,Grass,14.17,15.99,46.72,46.81
1,F24-3601,ABC-PM21_6628,Megathyrsus maximus,Grass,17.23,19.34,49.84,60.12
1,F25-1002,ABC-PM21_6638,Megathyrsus maximus,Grass,14.13,15.91,45.83,49.71
1,F25-0769,AMC-ICARDA-156302,Trifolium repens,Herbaceous_legumes,15.97,16.19,43.67,72.0
1,F25-0770,AMC-ICARDA-165072,Vicia tenuifolia,,14.37,16.59,56.12,56.78
1,F25-0773,AMC-ICARDA-168125,Lathyrus sylvestris,,15.53,16.67,55.1,42.32
1,F25-0914,CIAT ABC 10625 1,Stylosanthes scabra,Herbaceous_legumes,12.83,15.12,48.76,58.39
1,F25-0913,CIAT ABC 1853 1,Stylosanthes guianensis,Herbaceous_legumes,12.33,14.85,43.71,63.99
1,F25-0908,CIAT ABC 22192 1,Leucaena diversifolia,Shrub_Trees,10.4,12.42,25.86,36.2
1,F25-0904,CIAT ABC 22752 1,Labalab purpureues,Herbaceous_legumes,13.23,15.19,40.64,71.48
1,F25-0926,CIAT ABC 6818 1,Panicum maximum,Grass,13.03,16.9,55.81,51.66
1,FAO,FAO,FAO,FAO,16.04,16.07,,
1,F25-0017,Hohenheimer Heustandard,Hohenheimer Heustandard,Forage,16.32,17.74,65.42,56.33
1,F25-0018,Homenheim Concentrate,Homenheim Concentrate,Concentrate,16.76,18.28,67.39,66.13
1,F25-0772,ICARDA 165563,Trifolium pratense,Herbaceous_legumes,13.83,16.31,47.84,61.79
1,F25-0788,ICARDA J13,Cichorium pumilum,Herbaceous_legumes,12.8,14.5,38.58,73.92
1,F25-0783,ICARDA J8,Daucus carota,Herbaceous_legumes,8.97,12.24,30.27,77.75
1,F25-0784,ICARDA J9,Fumaria bracteosa,Herbaceous_legumes,8.7,11.8,30.05,62.61
1,F25-0813,ICARDA T216003,Rhus tripartita (Ucria) Grande,Shrub_Trees,9.37,10.35,31.72,37.28
1,F25-0820,ICARDA T216010,Retama raetam (Forssk.) Webb.,Shrub_Trees,12.9,14.75,42.06,46.12
1,F25-0798,ICARDA-IFLA-ENT27,Lathyrus sativus,,15.3,17.55,66.26,54.67
1,F25-0814,ICARDA-T-216004,Vicia narbonensis L.,,13.93,15.51,55.07,52.37
1,F25-0818,ICARDA-T-216008,Hedysarum coronarium L.,,13.63,15.09,43.58,62.41
1,F25-0819,ICARDA-T-216009,Hedysarum carnosum Desf.,,12.03,13.36,37.57,54.6
1,F25-0837,ILRI 10920 16 119721,Arachis pintoi,Herbaceous_legumes,12.6,15.39,44.63,69.04
1,F25-0824,ILRI 10925 3 119708,Arachis glabrata,Herbaceous_legumes,13.47,15.87,47.71,65.32
1,F25-0861,ILRI 14539 40 119745,Centrosema virginianum,Herbaceous_legumes,13.7,14.95,49.76,44.27
1,F25-0845,ILRI 21682 24 119729,Leucaena pallida,Shrub_Trees,10.07,12.02,35.26,33.45
1,F25-0848,ILRI 2273 27 119732,Trifolium burchellianum,Herbaceous_legumes,10.13,11.97,19.76,49.89
1,F25-0823,ILRI 6529 2 119707,Labalab purpureues,Herbaceous_legumes,14.3,16.17,52.52,58.47
1,F25-0825,ILRI 6984 4 119709,Medicago sativa,Herbaceous_legumes,15.0,17.11,49.15,58.04
1,F25-0868,ILRI 70 47 120164,Leucaena leucocephala,Shrub_Trees,11.8,14.24,48.94,36.88
1,F25-0839,ILRI 7049 18 119723,Trifolium repens,Herbaceous_legumes,14.17,16.72,44.72,75.71
1,F25-0873,ILRI 7384 52 120169,Chloris gayana,Grass,11.33,15.52,46.37,53.4
1,F25-0863,ILRI-10299-42,Erythrina abyssinica,,14.17,15.24,69.0,23.94
1,F25-0850,ILRI-13946-29,Stylosanthes fructicosa,Herbaceous_legumes,13.9,16.01,59.42,49.35
1,F25-0869,ILRI-16555-48,Cajanus cajan,Browse,13.5,15.73,90.64,21.63
1,F25-0874,ILRI-16791-53,Cenchrus Purpureues,,15.2,16.23,78.0,30.44
1,F25-0867,ILRI-20145-46,Flemingia macrophylla,,13.5,14.76,93.53,12.98
1,F25-0845,ILRI-21682-24,Leucaena pallida,Shrub_Trees,10.6,12.14,55.47,22.24
1,F25-0848,ILRI-2273-27,Trifolium burchellianum,Herbaceous_legumes,10.1,11.34,23.97,41.6
1,F25-0878,ILRI-7153-57,Panicum coloratum,,13.63,12.77,51.49,35.58
1,F25-0873,ILRI-7384-52,Chloris gayana,,12.87,16.89,54.67,47.47
1,F25-0001,Sample 1,Cynodon nlemfuensis ,Grass,14.3,15.43,108.29,26.16
1,F25-0002,Sample 2,Cynodon nlemfuensis ,Grass,14.37,15.49,50.93,47.7
1,F25-0003,Sample 3,Cynodon nlemfuensis ,Grass,14.3,15.41,69.49,33.66
1,F25-0004,Sample 4,Cynodon nlemfuensis ,Grass,14.63,15.44,57.56,41.11
1,F25-0005,Sample 5,Cynodon nlemfuensis ,Grass,14.43,15.46,69.12,33.18
1,F25-0006,Sample 6,Cynodon nlemfuensis ,Grass,14.4,15.61,74.37,31.71
1,F25-0007,Sample 7,Cynodon nlemfuensis ,Grass,14.1,15.0,78.4,28.74
1,F25-0019,Sample 8,Cynodon nlemfuensis ,Grass,16.47,17.76,53.79,40.17
1,nan,nan,,,10.26,13.43,13.04,77.32
2,F24-3636,ABC-11162,Stylosanthes scabra,Herbaceous_legumes,12.44,17.57,59.15,52.92
2,F25-0989,ABC-11833,Stylosanthes guianensis,Herbaceous_legumes,11.63,15.02,63.62,30.51
2,F25-0970,ABC-11998,Stylosanthes guianensis,Herbaceous_legumes,11.18,12.67,44.53,41.13
2,F25-0971,ABC-13149,Desmodium strigillosum,Herbaceous_legumes,13.32,15.82,108.91,25.02
2,F25-0931,ABC-13268,Tadehagi triquetrum,Herbaceous_legumes,11.21,14.72,30.9,38.94
2,F24-3637,ABC-13301,Desmodium sequax,Herbaceous_legumes,14.0,18.83,98.6,20.19
2,F25-0972,ABC-13389,Desmodium sequax,Herbaceous_legumes,12.81,15.56,48.91,21.43
2,F25-0973,ABC-13651,Desmodium heterocarpon,Herbaceous_legumes,13.13,14.94,133.49,26.57
2,F25-0942,ABC-13692,Desmodium velutinum,Shrub_Trees,15.48,19.09,56.63,40.73
2,F25-0974,ABC-13946,Desmodium sequax,Herbaceous_legumes,11.33,13.91,129.27,11.35
2,F24-3540,ABC-1467,Stylosanthes hamata,Herbaceous_legumes,13.24,16.27,111.33,30.52
2,F24-3541,ABC-1475,Stylosanthes hamata,Herbaceous_legumes,13.28,16.36,114.49,27.32
2,F25-0943,ABC-15121,Centrosema macrocarpum,Herbaceous_legumes,13.6,17.31,59.58,44.38
2,F25-0944,ABC-15150,Centrosema molle,Herbaceous_legumes,13.48,15.02,48.67,43.89
2,F25-0945,ABC-15154,Centrosema molle,Herbaceous_legumes,13.42,14.96,50.54,34.19
2,F25-0975,ABC-15160,Centrosema molle,Herbaceous_legumes,13.49,15.0,69.41,30.56
2,F24-3638,ABC-15401,Centrosema brasilianum,Herbaceous_legumes,13.79,18.57,58.85,45.72
2,F25-0930,ABC-15470,Centrosema molle,Herbaceous_legumes,13.77,15.56,40.38,45.55
2,F25-0929,ABC-15474,Centrosema molle,Herbaceous_legumes,13.05,13.16,35.27,47.0
2,F25-0946,ABC-15561,Centrosema molle,Herbaceous_legumes,13.33,16.64,45.05,43.99
2,F25-0947,ABC-15799,Centrosema macrocarpum,Herbaceous_legumes,13.26,15.39,37.78,47.56
2,F25-0948,ABC-15816,Centrosema acutifolium,Herbaceous_legumes,13.5,17.07,47.5,46.2
2,F24-3542,ABC-1650,Stylosanthes guianensis,Herbaceous_legumes,12.92,15.36,57.45,39.43
2,F25-0976,ABC-17000,Chamaecrista rotundifolia,Herbaceous_legumes,5.08,14.01,41.66,39.43
2,F25-0977,ABC-17009,Canavalia brasiliensis,Herbaceous_legumes,13.88,19.1,64.87,47.23
2,F24-3543,ABC-1706,Stylosanthes humilis,Herbaceous_legumes,13.0,15.98,119.18,32.95
2,F24-3539,ABC-172,Stylosanthes hamata,Herbaceous_legumes,13.22,15.78,123.41,29.33
2,F24-3544,ABC-1727,Stylosanthes humilis,Herbaceous_legumes,11.83,16.69,64.29,36.15
2,F24-3639,ABC-17360,Alysicarpus vaginalis,Herbaceous_legumes,15.82,18.42,40.0,62.7
2,F24-3640,ABC-17768,Clitoria ternatea,Herbaceous_legumes,14.83,17.67,54.62,62.31
2,F24-3641,ABC-18004,Chamaecrista rotundifolia,Herbaceous_legumes,13.81,17.47,53.53,58.72
2,F24-3545,ABC-1803,Stylosanthes humilis,Herbaceous_legumes,14.73,16.27,141.13,29.01
2,F24-3642,ABC-18430,Alysicarpus vaginalis,Herbaceous_legumes,15.38,18.33,46.1,62.24
2,F25-0983,ABC-18437,Flemingia macrophylla,Shrub_Trees,12.13,14.32,80.16,17.68
2,F25-0978,ABC-18700,Cajanus cajan,Shrub_Trees,14.0,17.27,81.31,26.24
2,F25-0934,ABC-18701,Cajanus cajan,Shrub_Trees,13.36,16.87,54.17,31.19
2,F24-3644,ABC-18708,Crotalaria pallida,Herbaceous_legumes,15.06,19.79,49.94,59.88
2,F24-3645,ABC-18850,Alysicarpus rugosus,Herbaceous_legumes,15.3,16.67,41.53,58.68
2,F24-3646,ABC-18865,Alysicarpus rugosus,Herbaceous_legumes,14.34,15.86,45.67,51.17
2,F25-0979,ABC-18873,Alysicarpus ferrugineus,Herbaceous_legumes,15.73,16.97,63.06,37.6
2,F24-3647,ABC-19032,Canavalia sp.,Herbaceous_legumes,13.27,17.19,45.7,59.15
2,F24-3648,ABC-19119,Alysicarpus rugosus,Herbaceous_legumes,14.11,17.43,40.18,56.58
2,F24-3546,ABC-1964,Stylosanthes guianensis,Herbaceous_legumes,13.07,15.02,70.95,34.83
2,F25-0980,ABC-19867,Uraria lagopodioides,Herbaceous_legumes,15.8,18.18,65.82,42.37
2,F25-0981,ABC-20207,Aeschynomene sensitiva,Herbaceous_legumes,12.38,13.8,46.04,42.06
2,F24-3650,ABC-20303,Canavalia brasiliensis,Herbaceous_legumes,13.51,17.89,52.89,58.61
2,F25-0949,ABC-20304,Canavalia brasiliensis,Herbaceous_legumes,13.59,21.11,47.76,65.02
2,F24-3651,ABC-20589,Uraria lagopodioides,Herbaceous_legumes,14.99,18.29,41.75,55.03
2,F25-0982,ABC-20709,Calopogonium mucunoides,Herbaceous_legumes,15.07,16.88,72.85,34.09
2,F25-0935,ABC-20891,Cajanus cajan,Shrub_Trees,12.92,16.56,47.98,29.51
2,F25-0950,ABC-21603,Lablab purpureus,Herbaceous_legumes,13.84,17.29,56.99,53.45
2,F24-3652,ABC-21687,Desmanthus virgatus,Shrub_Trees,12.63,16.91,42.42,45.4
2,F24-3653,ABC-22048,Aeschynomene americana,Herbaceous_legumes,13.39,16.67,57.52,54.68
2,F24-3654,ABC-22156,Arachis pintoi,Herbaceous_legumes,12.54,16.11,53.44,56.59
2,F24-3655,ABC-22507,Desmanthus subulatus,Shrub_Trees,12.33,16.51,66.19,35.99
2,F24-3656,ABC-22510,Desmanthus bicornutus,Shrub_Trees,12.51,16.87,66.14,29.98
2,F24-3657,ABC-22598,Lablab purpureus,Herbaceous_legumes,15.02,16.84,54.86,47.11
2,F25-0932,ABC-22768,Lablab purpureus,Herbaceous_legumes,14.17,17.89,49.54,64.18
2,F25-0933,ABC-22770,Lablab purpureus,Herbaceous_legumes,14.09,17.34,47.68,68.75
2,F24-3658,ABC-22784,Desmanthus bicornutus,Shrub_Trees,12.84,17.47,51.81,37.08
2,F25-0951,ABC-23248,Desmodium velutinum,Shrub_Trees,14.13,19.07,49.94,53.11
2,F25-0952,ABC-23271,Desmodium velutinum,Shrub_Trees,13.81,19.8,45.15,53.06
2,F25-0953,ABC-23279,Desmodium velutinum,Shrub_Trees,14.41,19.2,59.41,46.68
2,F25-0954,ABC-23326,Desmodium velutinum,Shrub_Trees,14.26,19.42,53.1,46.52
2,F24-3659,ABC-25113,Centrosema brasilianum,Herbaceous_legumes,14.63,17.37,55.26,43.93
2,F25-0984,ABC-25522,Centrosema macrocarpum,Herbaceous_legumes,13.89,17.57,59.89,43.72
2,F25-0985,ABC-25704,Centrosema molle x acutifolium,Herbaceous_legumes,13.27,14.97,63.12,34.37
2,F24-3547,ABC-2613,Stylosanthes guianensis,Herbaceous_legumes,11.63,12.83,88.62,30.9
2,F25-0960,ABC-3187,Desmodium cajanifolium,Shrub_Trees,12.83,16.39,35.08,70.3
2,F24-3536,ABC-32379,Desmanthus pubescens,Shrub_Trees,12.53,16.94,35.46,52.51
2,F24-3537,ABC-32380,Desmanthus pubescens,Shrub_Trees,12.96,17.42,44.36,39.27
2,F24-3660,ABC-33114,Dendrolobium sp.,Shrub_Trees,13.73,17.41,58.31,26.15
2,F24-3538,ABC-33249,Desmodium velutinum,Shrub_Trees,14.49,16.82,50.33,41.65
2,F25-0955,ABC-33255,Desmodium velutinum,Shrub_Trees,15.04,19.57,49.45,47.06
2,F25-0956,ABC-33428,Desmodium velutinum,Shrub_Trees,14.48,17.8,35.5,52.17
2,F25-0957,ABC-33451,Desmodium velutinum,Shrub_Trees,13.04,15.0,43.3,43.25
2,F25-0958,ABC-33463,Desmodium velutinum,Shrub_Trees,14.49,19.04,36.56,57.77
2,F25-0986,ABC-33729,Desmodium cinereum,Shrub_Trees,14.3,15.77,46.49,41.62
2,F25-0987,ABC-33827,Desmodium incanum,Herbaceous_legumes,12.8,18.09,90.32,22.28
2,F25-0959,ABC-350,Desmodium heterocarpon,Herbaceous_legumes,12.41,14.48,32.84,41.39
2,F24-3619,ABC-3813,Desmodium sequax,Herbaceous_legumes,13.71,16.77,47.74,23.81
2,F24-3612,ABC-398,Desmodium incanum,Herbaceous_legumes,13.99,17.1,49.86,37.94
2,F25-0961,ABC-4028,Galactia glaucescens,Herbaceous_legumes,11.34,15.22,40.58,30.52
2,F24-3662,ABC-43477,Desmodium cinereum,Shrub_Trees,15.27,17.08,72.97,32.23
2,F24-3613,ABC-438,Centrosema molle x acutifolium,Herbaceous_legumes,14.41,17.06,44.76,38.37
2,F24-3614,ABC-442,Centrosema molle x acutifolium,Herbaceous_legumes,14.57,17.37,52.27,43.3
2,F24-3615,ABC-466,Vigna umbellata,Herbaceous_legumes,14.22,17.87,46.59,62.6
2,F25-0936,ABC-5172,Centrosema molle,Herbaceous_legumes,13.16,15.63,50.12,35.41
2,F25-0962,ABC-5277,Centrosema acutifolium,Herbaceous_legumes,13.27,16.82,46.87,57.08
2,F25-0937,ABC-5452,Centrosema macrocarpum,Herbaceous_legumes,12.74,17.17,56.12,36.16
2,F24-3620,ABC-5512,Centrosema brasilianum,Herbaceous_legumes,14.28,18.59,45.89,59.21
2,F24-3621,ABC-5568,Centrosema acutifolium,Herbaceous_legumes,14.09,17.94,52.67,44.5
2,F24-3622,ABC-5657,Centrosema brasilianum,Herbaceous_legumes,12.8,17.68,47.4,50.66
2,F25-0938,ABC-5733,Centrosema macrocarpum,Herbaceous_legumes,13.21,17.06,48.62,43.99
2,F25-0939,ABC-5735,Centrosema macrocarpum,Herbaceous_legumes,13.9,17.53,47.18,51.89
2,F24-3623,ABC-5744,Centrosema macrocarpum,Herbaceous_legumes,14.14,18.53,55.63,37.76
2,F25-0940,ABC-5749,Centrosema plumieri,Herbaceous_legumes,12.76,17.73,59.19,46.65
2,F25-0941,ABC-5911,Centrosema macrocarpum,Herbaceous_legumes,13.1,17.79,61.94,41.46
2,F24-3624,ABC-7131,Eriosema diffusum,Herbaceous_legumes,13.3,15.9,55.01,23.05
2,F24-3616,ABC-715,Canavalia ensiformis,Herbaceous_legumes,13.9,17.08,44.06,55.83
2,F25-0963,ABC-7227,Galactia texana,Herbaceous_legumes,10.43,12.73,31.16,51.21
2,F24-3625,ABC-7318,Canavalia sp.,Herbaceous_legumes,12.68,17.34,51.63,53.32
2,F24-3626,ABC-7395,Galactia striata,Herbaceous_legumes,12.69,17.14,51.12,49.13
2,F24-3627,ABC-7648,Canavalia brasiliensis,Herbaceous_legumes,12.69,18.0,52.12,51.9
2,F24-3628,ABC-7746,Crotalaria paulina,Herbaceous_legumes,12.88,16.99,41.13,57.79
2,F24-3629,ABC-7813,Indigofera cryptantha,Herbaceous_legumes,14.13,20.08,58.94,61.74
2,F24-3630,ABC-7831,Tephrosia rhodesica,Shrub_Trees,14.91,20.47,54.47,51.58
2,F24-3631,ABC-7894,Canavalia brasiliensis,Herbaceous_legumes,12.54,18.14,45.98,49.64
2,F24-3632,ABC-7991,Indigofera suffruticosa,Herbaceous_legumes,14.83,18.49,63.57,39.55
2,F25-0964,ABC-8013,Crotalaria paulina,Herbaceous_legumes,13.2,15.89,44.51,64.81
2,F25-0965,ABC-8156,Chamaecrista rotundifolia,Herbaceous_legumes,14.43,20.12,44.88,48.38
2,F24-3633,ABC-8202,Chamaecrista rotundifolia,Herbaceous_legumes,13.61,18.64,48.87,51.8
2,F25-0988,ABC-8512,Calopogonium caeruleum,Herbaceous_legumes,14.62,17.19,80.58,33.65
2,F24-3617,ABC-887,Calopogonium mucunoides,Herbaceous_legumes,14.44,18.2,41.52,52.78
2,F24-3634,ABC-9189,Indigofera suffruticosa,Herbaceous_legumes,15.27,20.18,45.56,57.89
2,F24-3618,ABC-923,Galactia latisiliqua,Herbaceous_legumes,14.04,18.3,49.82,63.67
2,F25-0966,ABC-9323,Crotalaria vitellina,Herbaceous_legumes,14.66,17.21,51.69,64.57
2,F24-3635,ABC-9434,Clitoria ternatea,Herbaceous_legumes,14.89,17.69,64.02,52.1
2,F25-0967,ABC-9537,Crotalaria sagittalis,Herbaceous_legumes,13.62,15.54,43.17,63.64
2,F25-0968,ABC-9690,Aeschynomene histrix,Herbaceous_legumes,14.26,17.11,48.01,58.38
2,F25-0969,ABC-9900,Pueraria phaseoloides,Herbaceous_legumes,14.1,15.19,53.98,41.75
2,F25-1655,CIAT-1992,Stylosanthes guianensis,Herbaceous_legumes,11.81,13.93,48.53,39.69
2,F25-1656,CIAT-3001,Codariocalyx gyroides,Shrub_Trees,12.54,15.48,45.13,34.35
2,F25-1657,CIAT-3304,Desmodium cajanifolium,Shrub_Trees,13.34,16.12,54.83,43.46
2,F25-1658,CIAT-5713,Centrosema macrocarpum,Herbaceous_legumes,13.92,17.19,60.77,38.7
2,F25-1659,CIAT-7381,Galactia glaucescens,Herbaceous_legumes,12.66,16.77,105.18,21.46
2,F25-1660,CIAT-7799,Dioclea guianensis,Herbaceous_legumes,12.31,14.67,102.97,13.27
2,F25-1661,CIAT-7803,Dioclea holtiana,Herbaceous_legumes,11.41,14.09,68.49,24.78
2,F25-1651,CIAT-798,Galactia striata,Herbaceous_legumes,12.74,16.7,53.66,49.62
2,F25-1662,CIAT-8182,Eriosema diffusum,Herbaceous_legumes,13.03,16.52,118.46,21.92
2,F25-1652,CIAT-822,Calopogonium mucunoides,Herbaceous_legumes,14.01,16.64,43.7,49.82
2,F25-1663,CIAT-8434,Dioclea sericea,Herbaceous_legumes,13.44,16.8,97.89,19.87
2,F25-1653,CIAT-852,Dioclea sericea,Herbaceous_legumes,11.8,14.53,43.16,23.64
2,F25-1664,CIAT-8702,Calopogonium caeruleum,Herbaceous_legumes,14.46,18.0,68.3,31.99
2,F25-1665,CIAT-8816,Crotalaria micans,Herbaceous_legumes,13.81,17.17,43.29,62.44
2,F25-1654,CIAT-907,Dioclea virgata,Herbaceous_legumes,13.54,17.01,57.71,36.64
2,F25-2145,CIAT-BH16B_2165,Urochloa humidicola,Grass,12.58,15.3,43.54,54.76
2,F25-2146,CIAT-BH16B_2167,Urochloa humidicola,Grass,12.67,14.6,43.77,49.81
2,F25-2144,CIAT-BH16_1763,Urochloa humidicola,Grass,12.28,14.9,41.73,53.52
2,F25-2178,CIAT-BH22_0071,Urochloa humidicola,Grass,12.86,14.78,115.32,33.16
2,F25-2172,CIAT-BH22_0132,Urochloa humidicola,Grass,12.72,14.6,95.25,26.1
2,F25-2175,CIAT-BH22_0456,Urochloa humidicola,Grass,13.04,14.48,83.65,39.97
2,F25-2166,CIAT-BH22_0528,Urochloa humidicola,Grass,12.93,14.62,146.98,23.11
2,F25-2170,CIAT-BH22_0765,Urochloa humidicola,Grass,13.52,14.66,117.87,28.37
2,F25-2163,CIAT-BH22_1258,Urochloa humidicola,Grass,12.87,14.79,82.25,27.68
2,F25-2180,CIAT-BH22_1267,Urochloa humidicola,Grass,12.6,14.82,189.73,33.6
2,F25-2181,CIAT-BH22_1303,Urochloa humidicola,Grass,12.92,14.78,83.14,36.54
2,F25-2164,CIAT-BH22_1370,Urochloa humidicola,Grass,12.89,14.68,67.26,36.08
2,F25-2157,CIAT-BH22_1375,Urochloa humidicola,Grass,12.44,15.14,71.41,38.62
2,F25-2161,CIAT-BH22_1706,Urochloa humidicola,Grass,12.42,14.71,82.91,29.45
2,F25-2176,CIAT-BH22_1832,Urochloa humidicola,Grass,13.03,14.52,110.46,37.76
2,F25-2177,CIAT-BH22_1872,Urochloa humidicola,Grass,12.88,15.02,243.09,30.86
2,F25-2183,CIAT-BH22_2046,Urochloa humidicola,Grass,12.46,14.68,84.36,34.55
2,F25-2174,CIAT-BH22_2074,Urochloa humidicola,Grass,13.16,15.13,65.87,41.42
2,F25-2169,CIAT-BH22_2189,Urochloa humidicola,Grass,12.93,14.81,76.17,27.59
2,F25-2165,CIAT-BH22_2225,Urochloa humidicola,Grass,13.31,15.09,103.85,30.15
2,F25-2182,CIAT-BH22_2508,Urochloa humidicola,Grass,13.28,15.15,93.34,33.7
2,F25-2171,CIAT-BH22_2531,Urochloa humidicola,Grass,12.64,14.98,143.87,29.77
2,F25-2156,CIAT-BH22_3115,Urochloa humidicola,Grass,12.14,14.84,62.57,37.57
2,F25-2167,CIAT-BH22_3507,Urochloa humidicola,Grass,12.79,14.69,113.16,22.86
2,F25-2173,CIAT-BH22_3521,Urochloa humidicola,Grass,13.17,14.63,121.53,27.73
2,F25-2153,CIAT-BH22_4092,Urochloa humidicola,Grass,12.6,15.27,47.18,47.84
2,F25-2162,CIAT-BH22_4169,Urochloa humidicola,Grass,12.93,14.87,86.19,27.88
2,F25-2168,CIAT-BH22_4253,Urochloa humidicola,Grass,12.99,14.71,93.59,28.65
2,F25-2179,CIAT-BH22_4454,Urochloa humidicola,Grass,13.34,15.39,100.86,36.71
2,F25-2160,CIAT-BH22_4865,Urochloa humidicola,Grass,12.84,14.88,69.45,34.09
2,F25-1721,CIAT-BR02_0465,Brachiaria interespecifico,Grass,12.13,15.33,51.44,43.68
2,F25-1722,CIAT-BR04_3025,Brachiaria interespecifico,Grass,13.46,15.33,54.31,48.78
2,F25-1723,CIAT-BR05_1435,Brachiaria interespecifico,Grass,12.36,15.16,45.58,43.49
2,F25-2104,CIAT-BR06_1348,Brachiaria interespecifico,Grass,12.41,15.22,69.37,35.23
2,F25-1724,CIAT-BR09_3660,Brachiaria interespecifico,Grass,12.86,15.26,52.53,44.62
2,F25-2105,CIAT-BR09_4467,Brachiaria interespecifico,Grass,12.52,15.23,73.83,37.88
2,F25-2106,CIAT-BR09_4777,Brachiaria interespecifico,Grass,12.72,15.09,89.44,31.32
2,F25-2107,CIAT-BR12_0255,Brachiaria interespecifico,Grass,12.31,15.09,37.48,60.12
2,F25-2108,CIAT-BR12_0461,Brachiaria interespecifico,Grass,12.52,15.34,37.7,61.59
2,F25-1701,CIAT-BR12_1362,Brachiaria interespecifico,Grass,11.96,14.68,36.67,64.41
2,F25-2109,CIAT-BR12_1620,Brachiaria interespecifico,Grass,12.4,14.99,36.04,60.13
2,F25-2110,CIAT-BR12_1889,Brachiaria interespecifico,Grass,11.64,15.62,36.64,57.99
2,F25-1702,CIAT-BR12_2462,Brachiaria interespecifico,Grass,12.94,13.12,35.78,56.21
2,F25-1703,CIAT-BR12_3868,Brachiaria interespecifico,Grass,11.08,14.5,33.46,55.88
2,F25-2111,CIAT-BR12_4039,Brachiaria interespecifico,Grass,12.23,15.64,38.13,56.17
2,F25-1711,CIAT-BR12_4400,Brachiaria interespecifico,Grass,12.41,15.0,46.5,53.36
2,F25-2112,CIAT-BR12_4856,Brachiaria interespecifico,Grass,12.56,15.13,40.7,49.54
2,F25-2113,CIAT-BR12_5049,Brachiaria interespecifico,Grass,12.74,15.83,44.66,50.57
2,F25-2114,CIAT-BR15_1851,Brachiaria interespecifico,Grass,12.8,15.46,45.29,51.12
2,F25-1704,CIAT-BR15_2558,Brachiaria interespecifico,Grass,12.19,14.63,38.25,57.33
2,F25-1705,CIAT-BR15_2811,Brachiaria interespecifico,Grass,11.99,13.79,36.8,56.83
2,F25-1706,CIAT-BR15_2891,Brachiaria interespecifico,Grass,13.08,14.58,40.25,54.93
2,F25-2115,CIAT-BR15_3025,Brachiaria interespecifico,Grass,12.84,15.32,42.43,52.27
2,F25-2116,CIAT-BR15_3248,Brachiaria interespecifico,Grass,12.69,15.71,40.34,54.32
2,F25-1712,CIAT-BR15_3434,Brachiaria interespecifico,Grass,13.16,14.82,49.11,50.69
2,F25-1713,CIAT-BR15_3811,Brachiaria interespecifico,Grass,12.68,14.57,48.25,49.7
2,F25-1714,CIAT-BR15_6547,Brachiaria interespecifico,Grass,12.37,14.74,41.87,50.44
2,F25-1715,CIAT-BR15_7121,Brachiaria interespecifico,Grass,11.98,15.52,50.81,47.76
2,F25-2117,CIAT-BR15_7659,Brachiaria interespecifico,Grass,12.39,15.24,41.22,52.92
2,F25-1716,CIAT-BR15_8887,Brachiaria interespecifico,Grass,12.41,15.54,55.78,47.56
2,F25-2118,CIAT-BR15_8919,Brachiaria interespecifico,Grass,12.42,15.0,43.24,50.93
2,F25-1725,CIAT-BR19_1264,Brachiaria interespecifico,Grass,12.26,15.53,49.0,45.46
2,F25-1707,CIAT-BR19_1343,Brachiaria interespecifico,Grass,11.84,14.01,39.18,50.61
2,F25-1717,CIAT-BR19_4678,Brachiaria interespecifico,Grass,12.79,14.87,51.68,47.83
2,F25-1718,CIAT-BR19_5029,Brachiaria interespecifico,Grass,13.11,15.44,45.62,51.34
2,F25-1726,CIAT-BR19_5217,Brachiaria interespecifico,Grass,12.66,15.21,51.82,46.22
2,F25-1719,CIAT-BR19_5357,Brachiaria interespecifico,Grass,12.81,15.22,49.66,48.47
2,F25-1720,CIAT-BR19_5381,Brachiaria interespecifico,Grass,12.34,15.16,46.28,47.56
2,F25-2119,CIAT-BR19_5515,Brachiaria interespecifico,Grass,12.34,15.18,45.3,52.02
2,F25-2120,CIAT-BR19_5877,Brachiaria interespecifico,Grass,12.69,15.3,46.91,50.02
2,F25-2121,CIAT-BR19_6136,Brachiaria interespecifico,Grass,12.63,15.18,48.9,46.05
2,F25-2087,CIAT-CIAT_16021,Megathyrsus maximus,Grass,14.68,17.44,55.86,42.94
2,F25-2092,CIAT-CIAT_16025,Megathyrsus maximus,Grass,13.42,16.32,49.69,45.83
2,F25-2080,CIAT-CIAT_16031,Megathyrsus maximus,Grass,13.86,17.0,42.96,55.93
2,F25-2101,CIAT-CIAT_16071,Megathyrsus maximus,Grass,13.77,17.33,106.37,25.45
2,F25-2147,CIAT-CIAT_16886,Urochloa humidicola,Grass,13.17,14.72,40.89,54.54
2,F25-2148,CIAT-CIAT_16891,Urochloa humidicola,Grass,12.63,14.91,41.7,49.99
2,F25-1708,CIAT-CIAT_26110,Brachiaria interespecifico,Grass,13.28,15.13,48.14,49.43
2,F25-1727,CIAT-CIAT_26124,Brachiaria interespecifico,Grass,13.51,14.93,53.17,43.78
2,F25-2149,CIAT-CIAT_26146,Urochloa humidicola,Grass,12.61,14.9,44.07,51.97
2,F25-2150,CIAT-CIAT_26149,Urochloa humidicola,Grass,12.44,15.03,43.75,52.93
2,F25-2151,CIAT-CIAT_26160,Urochloa humidicola,Grass,12.82,15.26,44.14,52.52
2,F25-2152,CIAT-CIAT_26415,Urochloa humidicola,Grass,12.09,14.63,42.34,48.43
2,F25-2154,CIAT-CIAT_26438,Urochloa humidicola,Grass,12.53,14.84,101.65,34.95
2,F25-2155,CIAT-CIAT_26570,Urochloa humidicola,Grass,13.28,15.51,88.85,36.37
2,F25-1709,CIAT-CIAT_26646,Brachiaria interespecifico,Grass,11.56,14.83,45.13,49.08
2,F25-2081,CIAT-CIAT_26936,Megathyrsus maximus,Grass,14.43,16.83,44.14,53.71
2,F25-2158,CIAT-CIAT_6133,Urochloa humidicola,Grass,12.34,14.73,86.18,35.04
2,F25-1710,CIAT-CIAT_6297,Brachiaria interespecifico,Grass,12.91,15.01,50.2,47.27
2,F25-2159,CIAT-CIAT_679,Urochloa humidicola,Grass,12.42,14.87,80.92,34.05
2,F25-2098,CIAT-CIAT_6986,Megathyrsus maximus,Grass,13.76,16.14,89.09,37.94
2,F25-2089,CIAT-PM21_0065,Megathyrsus maximus,Grass,14.13,16.93,49.51,49.57
2,F25-2093,CIAT-PM21_0070,Megathyrsus maximus,Grass,13.77,16.82,72.54,44.11
2,F25-2083,CIAT-PM21_0072,Megathyrsus maximus,Grass,13.57,16.86,42.67,53.17
2,F25-2082,CIAT-PM21_0074,Megathyrsus maximus,Grass,13.9,16.89,41.79,54.87
2,F25-2100,CIAT-PM21_0078,Megathyrsus maximus,Grass,13.78,16.54,93.99,35.33
2,F25-2097,CIAT-PM21_0079,Megathyrsus maximus,Grass,13.48,16.18,58.14,42.24
2,F25-2086,CIAT-PM21_0819,Megathyrsus maximus,Grass,13.78,16.67,46.72,51.88
2,F25-2102,CIAT-PM21_0876,Megathyrsus maximus,Grass,13.43,16.14,97.08,34.17
2,F25-2079,CIAT-PM21_2580,Megathyrsus maximus,Grass,13.72,16.9,42.58,60.3
2,F25-2077,CIAT-PM21_3535,Megathyrsus maximus,Grass,14.12,16.73,41.28,53.93
2,F25-2103,CIAT-PM21_3641,Megathyrsus maximus,Grass,13.41,16.31,93.13,35.27
2,F25-2095,CIAT-PM21_3662,Megathyrsus maximus,Grass,13.86,16.44,64.31,44.73
2,F25-2096,CIAT-PM21_4448,Megathyrsus maximus,Grass,14.09,16.46,91.21,37.11
2,F25-2099,CIAT-PM21_4852,Megathyrsus maximus,Grass,13.82,16.23,106.21,33.03
2,F25-2094,CIAT-PM21_4926,Megathyrsus maximus,Grass,14.36,16.64,73.16,34.14
2,F25-2078,CIAT-PM21_6106,Megathyrsus maximus,Grass,14.51,17.39,40.45,58.82
2,F25-2084,CIAT-PM21_6598,Megathyrsus maximus,Grass,13.47,16.84,46.34,50.76
2,F25-2090,CIAT-PM21_6629,Megathyrsus maximus,Grass,13.68,16.34,47.95,44.82
2,F25-2088,CIAT-PM21_6640,Megathyrsus maximus,Grass,13.7,17.04,44.24,49.86
2,F25-2091,CIAT-PM21_6641,Megathyrsus maximus,Grass,14.36,17.41,48.44,51.47
2,F25-2085,CIAT-PM21_6647,Megathyrsus maximus,Grass,14.16,16.74,48.25,50.51
2,F25-0017,Hohenheimer Heustandard,Hohenheimer Heustandard,Forage,14.44,16.88,89.42,45.33
2,F25-0018,Homenheim Concentrate,Homenheim Concentrate,Concentrate,15.0,17.87,69.04,54.42
2,F25-2076,ILRI-15551,Leucaena diversifolia,Shrub_Trees,10.02,13.09,33.56,43.35
2,F25-2131,Muestra # 02,Cynodon nlemfuensis,Grass,14.0,15.34,167.32,12.55
2,F25-0008,Sample 8,Cynodon nlemfuensis ,Grass,14.53,16.28,92.44,29.63
3,F24-3549,ABC-10440,Stylosanthes humilis,Herbaceous_legumes,12.24,13.73,45.94,54.2
3,F24-3550,ABC-10613,Stylosanthes scabra,Herbaceous_legumes,12.26,13.87,63.05,39.5
3,F24-3551,ABC-10627,Stylosanthes scabra,Herbaceous_legumes,12.49,13.61,46.84,47.71
3,F24-3552,ABC-10634,Stylosanthes scabra,Herbaceous_legumes,12.53,13.56,52.78,50.55
3,F24-3553,ABC-10639,Stylosanthes scabra,Herbaceous_legumes,12.8,14.27,52.7,51.87
3,F24-3554,ABC-10725,Stylosanthes scabra,Herbaceous_legumes,12.91,14.14,51.65,45.73
3,F24-3555,ABC-11199,Stylosanthes hamata,Herbaceous_legumes,12.89,14.57,62.33,45.07
3,F24-3556,ABC-11215,Stylosanthes hamata,Herbaceous_legumes,13.08,14.14,45.54,58.15
3,F24-3557,ABC-11220,Stylosanthes hamata,Herbaceous_legumes,12.84,14.34,56.23,52.76
3,F24-3558,ABC-11232,Stylosanthes hamata,Herbaceous_legumes,12.5,14.31,59.02,49.49
3,F24-3559,ABC-11313,Stylosanthes guianensis,Herbaceous_legumes,12.26,13.51,55.16,41.97
3,F24-3560,ABC-11417,Stylosanthes guianensis,Herbaceous_legumes,12.13,12.21,43.95,43.31
3,F24-3561,ABC-11624,Stylosanthes humilis,Herbaceous_legumes,12.16,13.26,51.7,49.47
3,F24-3562,ABC-11690,Stylosanthes humilis,Herbaceous_legumes,12.24,13.52,61.77,41.84
3,F24-3563,ABC-11762,Stylosanthes hamata,Herbaceous_legumes,13.2,14.58,64.94,44.09
3,F24-3564,ABC-11778,Stylosanthes hamata,Herbaceous_legumes,12.7,14.19,53.43,52.53
3,F24-3565,ABC-11784,Stylosanthes hamata,Herbaceous_legumes,13.21,14.46,64.6,41.61
3,F24-3566,ABC-11820,Stylosanthes scabra,Herbaceous_legumes,12.56,13.96,56.11,47.55
3,F24-3567,ABC-12042,Stylosanthes humilis,Herbaceous_legumes,12.24,13.31,62.22,40.48
3,F24-3568,ABC-12115,Stylosanthes humilis,Herbaceous_legumes,12.54,13.96,54.71,53.26
3,F24-3569,ABC-12140,Stylosanthes humilis,Herbaceous_legumes,12.23,13.69,47.63,57.11
3,F24-3570,ABC-12184,Stylosanthes humilis,Herbaceous_legumes,12.9,14.17,50.4,57.46
3,F24-3571,ABC-12202,Stylosanthes humilis,Herbaceous_legumes,12.66,13.99,47.99,58.54
3,F24-3572,ABC-12311,Stylosanthes guianensis,Herbaceous_legumes,12.59,13.95,51.55,53.64
3,F24-3574,ABC-12374,Stylosanthes hamata,Herbaceous_legumes,13.07,14.66,55.61,56.29
3,F24-3573,ABC-12381,Stylosanthes hamata,Herbaceous_legumes,13.11,14.61,60.47,50.87
3,F24-3575,ABC-12457,Stylosanthes hamata,Herbaceous_legumes,13.11,14.62,51.9,57.71
3,F24-3576,ABC-12462,Stylosanthes hamata,Herbaceous_legumes,12.86,14.57,49.34,59.72
3,F24-3577,ABC-12485,Stylosanthes scabra,Herbaceous_legumes,12.94,13.8,42.69,49.97
3,F24-3578,ABC-12615,Stylosanthes guianensis,Herbaceous_legumes,12.72,13.68,46.77,53.45
3,F24-3579,ABC-12686,Stylosanthes hamata,Herbaceous_legumes,12.01,13.67,52.82,50.07
3,F24-3580,ABC-12710,Stylosanthes scabra,Herbaceous_legumes,12.81,13.82,47.85,48.73
3,F24-3581,ABC-12758,Stylosanthes guianensis,Herbaceous_legumes,12.01,11.7,43.38,44.68
3,F25-0971,ABC-13149,Desmodium strigillosum,Herbaceous_legumes,13.02,14.15,43.24,46.64
3,F25-0974,ABC-13946,Desmodium sequax,Herbaceous_legumes,11.72,12.43,30.76,21.9
3,F25-0980,ABC-19867,Uraria lagopodioides,Herbaceous_legumes,15.54,16.21,47.4,53.37
3,F25-0954,ABC-23326,Desmodium velutinum,Shrub_Trees,14.57,16.41,43.07,63.05
3,F24-3548,ABC-2783,Stylosanthes humilis,Herbaceous_legumes,12.26,13.7,64.91,48.42
3,F25-1670,CIAT-13158,Desmodium strigillosum,Herbaceous_legumes,12.54,13.4,36.32,48.82
3,F25-1671,CIAT-13329,Desmodium cajanifolium,Shrub_Trees,12.79,13.44,38.88,62.48
3,F25-1672,CIAT-13387,Desmodium sequax,Shrub_Trees,11.47,12.77,37.58,23.45
3,F25-1673,CIAT-13547,Codariocalyx gyroides,Shrub_Trees,11.87,13.5,43.63,33.02
3,F25-1674,CIAT-13953,Desmodium velutinum,Shrub_Trees,13.43,15.24,40.68,59.37
3,F25-1675,CIAT-15086,Centrosema acutifolium,Herbaceous_legumes,13.18,14.43,45.6,54.01
3,F25-1676,CIAT-17403,Flemingia macrophylla,Shrub_Trees,12.37,12.51,43.13,24.99
3,F25-1677,CIAT-17519,Mimosa somnians,Herbaceous_legumes,9.57,9.77,21.6,49.51
3,F25-1678,CIAT-17896,Chamaecrista desvauxii,Herbaceous_legumes,9.71,11.54,27.97,37.42
3,F25-1679,CIAT-18123,Dioclea virgata,Herbaceous_legumes,11.3,13.4,40.83,38.27
3,F25-1680,CIAT-18126,Dioclea virgata,Herbaceous_legumes,11.87,13.69,43.02,43.69
3,F25-1681,CIAT-18127,Dioclea virgata,Herbaceous_legumes,11.99,13.57,43.53,42.01
3,F25-1682,CIAT-18668,Cratylia argentea,Shrub_Trees,14.24,16.66,47.26,53.02
3,F25-1683,CIAT-19228,Eriosema psoraleoides,Herbaceous_legumes,12.02,13.3,41.79,36.13
3,F25-1684,CIAT-19537,Crotalaria verrucosa,Herbaceous_legumes,13.38,14.49,47.07,62.52
3,F25-1655,CIAT-1992,Stylosanthes guianensis,Herbaceous_legumes,11.59,12.87,43.92,51.86
3,F25-1685,CIAT-20208,Aeschynomene sensitiva,Herbaceous_legumes,12.97,14.42,46.88,61.03
3,F25-1686,CIAT-20345,Pachyrhizus erosus,Herbaceous_legumes,13.47,14.01,40.32,64.42
3,F25-1687,CIAT-20927,Mimosa albida,Herbaceous_legumes,11.49,12.64,40.98,30.56
3,F25-1688,CIAT-21849,Chamaecrista desvauxii,Herbaceous_legumes,10.79,12.38,41.17,37.13
3,F25-1689,CIAT-22072,Bauhinia sp.,Shrub_Trees,13.92,15.91,49.67,57.81
3,F25-1690,CIAT-22409,Cratylia argentea,Shrub_Trees,14.56,16.5,57.24,43.43
3,F25-1691,CIAT-22692,Lablab purpureus,Herbaceous_legumes,14.09,15.64,56.38,59.54
3,F25-1692,CIAT-23715,Desmodium sequax,Shrub_Trees,11.28,,,
3,F25-1693,CIAT-23746,Codariocalyx gyroides,Shrub_Trees,11.81,13.4,50.62,31.72
3,F25-1694,CIAT-23985,Desmodium velutinum,Shrub_Trees,14.68,15.78,45.87,50.91
3,F25-1656,CIAT-3001,Codariocalyx gyroides,Shrub_Trees,12.27,13.71,49.08,36.92
3,F25-1695,CIAT-32265,Chamaecrista diphylla,Herbaceous_legumes,9.59,13.65,49.52,48.44
3,F25-1657,CIAT-3304,Desmodium cajanifolium,Shrub_Trees,13.16,14.26,47.42,60.77
3,F25-1696,CIAT-33070,Desmodium oblongum,Shrub_Trees,11.83,13.16,47.69,41.3
3,F25-1697,CIAT-33079,Desmodium oblongum,Shrub_Trees,14.23,15.79,47.0,55.27
3,F25-1698,CIAT-33131,Codariocalyx gyroides,Shrub_Trees,11.46,12.5,39.36,34.63
3,F25-1699,CIAT-33195,Dalea carthagenensis,Herbaceous_legumes,12.86,15.82,57.8,50.65
3,F25-1700,CIAT-43055,Desmodium discolor,Herbaceous_legumes,14.99,15.61,45.85,59.08
3,F25-1658,CIAT-5713,Centrosema macrocarpum,Herbaceous_legumes,13.33,14.69,61.23,45.58
3,F25-1659,CIAT-7381,Galactia glaucescens,Herbaceous_legumes,12.17,14.31,47.88,32.91
3,F25-1660,CIAT-7799,Dioclea guianensis,Herbaceous_legumes,12.08,13.11,49.7,26.12
3,F25-1661,CIAT-7803,Dioclea holtiana,Herbaceous_legumes,11.56,12.6,52.06,30.9
3,F25-1651,CIAT-798,Galactia striata,Herbaceous_legumes,12.62,14.39,50.8,57.23
3,F25-1662,CIAT-8182,Eriosema diffusum,Herbaceous_legumes,12.83,14.33,69.86,22.98
3,F25-1652,CIAT-822,Calopogonium mucunoides,Herbaceous_legumes,13.54,14.72,48.95,51.7
3,F25-1663,CIAT-8434,Dioclea sericea,Herbaceous_legumes,13.52,14.96,63.71,38.59
3,F25-1653,CIAT-852,Dioclea sericea,Herbaceous_legumes,11.81,12.93,41.49,28.48
3,F25-1664,CIAT-8702,Calopogonium caeruleum,Herbaceous_legumes,14.17,15.53,50.56,46.88
3,F25-1665,CIAT-8816,Crotalaria micans,Herbaceous_legumes,13.71,14.77,46.81,68.2
3,F25-1666,CIAT-8826,Zapoteca formosa,Shrub_Trees,10.9,11.8,36.29,67.6
3,F25-1654,CIAT-907,Dioclea virgata,Herbaceous_legumes,13.26,14.93,52.97,45.26
3,F25-1667,CIAT-9578,Dioclea sericea,Herbaceous_legumes,11.62,12.92,36.11,30.81
3,F25-1668,CIAT-9740,Chamaecrista desvauxii,Herbaceous_legumes,10.03,13.34,49.7,47.18
3,F25-1669,CIAT-9934,Aeschynomene americana,Herbaceous_legumes,12.91,14.26,54.27,53.37
3,F25-2170,CIAT-BH22_0765,Urochloa humidicola,Grass,13.68,14.17,62.59,41.82
3,F25-2171,CIAT-BH22_2531,Urochloa humidicola,Grass,12.8,14.18,67.45,42.73
3,F25-2105,CIAT-BR09_4467,Brachiaria interespecifico,Grass,12.24,13.63,63.78,43.36
3,F25-2101,CIAT-CIAT_16071,Megathyrsus maximus,Grass,13.24,15.4,73.74,38.57
3,F25-2096,CIAT-PM21_4448,Megathyrsus maximus,Grass,13.54,14.88,62.72,42.41
3,F25-2139,CIAT_36087_MulatoII_Opt,Brachiaria interespecifico,Grass,12.77,13.6,46.25,52.77
3,F25-2137,CIAT_606_Basilisk_Opt,Brachiaria interespecifico,Grass,13.0,13.8,46.81,53.35
3,F25-2140,CIAT_6133_Llanero _Opt,Brachiaria humidicola,Grass,13.67,14.0,54.66,45.88
3,F25-2138,CIAT_6294_Marandu_Opt,Brachiaria interespecifico ,Grass,13.07,13.7,58.91,46.34
3,F25-2136,CIAT_6962_Mombaza _Ex,Megathyrsus maximus,Grass,12.87,13.34,57.01,39.34
3,F25-2141,CIAT_6962_Mombaza _Opt,Megathyrsus maximus ,Grass,12.74,14.16,54.15,44.76
3,F25-0017,Hohenheimer Heustandard,Hohenheimer Heustandard,,14.14,15.25,74.13,48.52
3,F25-2134,Hohenheimer Heustandard IAG 2025/1 S1,Hohenheimer Heustandard,,14.37,15.4,85.54,40.65
3,F25-2131,Muestra # 02,Cynodon nlemfuensis,Grass,13.97,14.73,70.12,26.81
3,F25-0008,Sample 8,Cynodon nlemfuensis ,,13.98,15.03,62.91,36.41
